 10478391_UTHSC_GutExL_0414, ILM4810239_UMCG_0907_Myeloid, 17680_BXD, ILM104060500_UT_ILM_BXD_hipp_NON_1112, 10506315_UTHSC_GutExL_0414
11.869282926829268,7.004454545454546,0.46155421875,7.883423076923076,7.741491219512195
11.869282926829268,7.004454545454546,0.46155421875,7.883423076923076,7.741491219512195
11.869282926829268,7.004454545454546,0.46155421875,7.883423076923076,7.741491219512195
11.869282926829268,7.004454545454546,0.46155421875,7.883423076923076,7.741491219512195
11.869282926829268,7.004454545454546,0.46155421875,7.883423076923076,7.741491219512195
11.869282926829268,7.004454545454546,0.46155421875,7.883423076923076,7.741491219512195
12.0255,6.98,0.7958554,7.8524,7.589
11.6795,6.998,0.7197498,7.8762,7.9225
11.76194,7.28,0.8317368,7.760799999999999,7.688300000000001
11.875,7.205,0.5536778,7.916200000000001,7.8185
11.869282926829268,7.004454545454546,0.46155421875,7.883423076923076,7.741491219512195
11.8764,6.92,0.8317368,7.781599999999999,7.6088
11.850799999999998,6.895,0.8317368,7.781599999999999,7.491199999999999
11.8078,6.991,0.8317368,7.781599999999999,7.7090000000000005
11.869282926829268,7.004454545454546,0.46155421875,7.883423076923076,7.741491219512195
11.850799999999998,6.738,0.8317368,7.781599999999999,7.491199999999999
11.869282926829268,7.004454545454546,0.46155421875,7.883423076923076,7.741491219512195
11.783199999999999,7.046,0.8317368,7.781599999999999,7.8595
11.9005,6.952,0.636547,7.8452,7.2535
11.869282926829268,7.004454545454546,0.46155421875,7.883423076923076,7.741491219512195
11.869282926829268,7.004454545454546,0.46155421875,7.883423076923076,7.741491219512195
11.83,7.082,0.5717003999999999,7.9262,8.0605
11.8706,6.972,0.8317368,7.781599999999999,7.671200000000001
11.8945,7.066,0.46695220000000004,7.833599999999999,7.916
11.869282926829268,7.004454545454546,0.46155421875,7.883423076923076,7.741491219512195
11.5515,6.821,0.5990636,7.8524,7.3345
11.9255,6.998,0.4489835999999999,7.8336,7.956
11.8764,6.91,0.8317368,7.781599999999999,7.6088
11.6237,7.292,0.2449476,7.657,7.204
11.869282926829268,7.004454545454546,0.46155421875,7.883423076923076,7.741491219512195
11.783199999999999,7.083,0.8317368,7.781599999999999,7.8595
11.869282926829268,7.004454545454546,0.46155421875,7.883423076923076,7.741491219512195
11.869282926829268,7.004454545454546,0.46155421875,7.883423076923076,7.741491219512195
11.5135,7.014999999999999,0.363724,7.8408,7.034
11.822,6.985,0.646584,7.8264,7.635
11.869282926829268,7.004454545454546,0.46155421875,7.883423076923076,7.741491219512195
11.5865,7.025,0.5372346,7.8172,7.4425
11.8107,7.069800000000001,0.5762524,7.919,7.869
11.9208,6.9714,0.509218,7.833,7.4608
11.7125,7.069799999999999,0.516946,8.07,7.945
12.0555,7.0662,0.199522,7.8378,7.9
11.869282926829268,7.004454545454546,0.46155421875,7.883423076923076,7.741491219512195
11.825,7.030199999999999,0.200073,7.8566,7.669
12.0315,7.0328,0.417552,7.909599999999999,7.756
11.88716,7.0268,0.47326,7.819,7.57916
11.869282926829268,7.004454545454546,0.46155421875,7.883423076923076,7.741491219512195
11.869282926829268,7.004454545454546,0.46155421875,7.883423076923076,7.741491219512195
11.869282926829268,7.004454545454546,0.46155421875,7.883423076923076,7.741491219512195
11.83034,7.0268,0.058419,7.763,7.865600000000001
11.9167,7.069800000000001,0.234237,8.11,8.37967
11.869282926829268,7.004454545454546,0.46155421875,7.883423076923076,7.741491219512195
12.001,7.030200000000001,0.5179587999999999,7.957,7.7235
11.8706,6.944,1.380758,7.715,7.671200000000001
12.0005,7.0328,0.359646,7.878400000000001,7.8375
11.961,7.069799999999999,0.319453,7.8354,7.945
11.916700000000002,6.950399999999999,0.032795,7.7976,8.0048
11.879,7.050400000000001,1.152416,7.882,7.8185
11.869282926829268,7.004454545454546,0.46155421875,7.883423076923076,7.741491219512195
11.869282926829268,7.004454545454546,0.46155421875,7.883423076923076,7.741491219512195
11.841039999999998,7.0268,0.802079,8.046,7.7223
11.869282926829268,7.004454545454546,0.46155421875,7.883423076923076,7.741491219512195
11.858,7.069800000000001,1.751466,7.99,8.17
11.611,7.0009999999999994,0.364353,7.854,7.295
12.042,7.011799999999999,0.134216,7.849,8.542
11.7595,6.9396,0.724346,8.101,7.485
11.869282926829268,7.004454545454546,0.46155421875,7.883423076923076,7.741491219512195
11.531,7.014999999999999,0.016643,7.759,7.1385
11.869282926829268,7.004454545454546,0.46155421875,7.883423076923076,7.741491219512195
11.869282926829268,7.004454545454546,0.46155421875,7.883423076923076,7.741491219512195
11.869282926829268,7.004454545454546,0.46155421875,7.883423076923076,7.741491219512195
11.9215,7.030200000000001,0.725292,7.918,7.589
11.869282926829268,7.004454545454546,0.46155421875,7.883423076923076,7.741491219512195
11.869282926829268,7.004454545454546,0.46155421875,7.883423076923076,7.741491219512195
11.869282926829268,7.004454545454546,0.46155421875,7.883423076923076,7.741491219512195
12.0145,7.069800000000001,0.064247,7.76,8.39
11.8628,6.950399999999999,0.689704,7.9716000000000005,7.664700000000001
11.9505,7.0074,0.86271,7.723,7.5675
11.97,7.030200000000001,0.510297,7.996,7.737
11.918,7.030199999999999,0.426577,7.827,7.74
11.8992,7.0268,0.8162016000000001,8.003,7.8439
11.9615,7.069799999999999,0.229176,7.795,7.966
11.869282926829268,7.004454545454546,0.46155421875,7.883423076923076,7.741491219512195
12.018,7.0531999999999995,0.27407,7.842999999999999,7.9655
12.134,7.0328,0.28246,7.878400000000001,7.8405
11.869282926829268,7.004454545454546,0.46155421875,7.883423076923076,7.741491219512195
11.869282926829268,7.004454545454546,0.46155421875,7.883423076923076,7.741491219512195
11.869282926829268,7.004454545454546,0.46155421875,7.883423076923076,7.741491219512195
11.9177,7.033800000000001,0.5536778,7.883799999999999,7.83867
11.9449,7.0268,0.312063,7.817,7.7767
11.8465,7.0009999999999994,0.20406,7.7700000000000005,6.949
11.9545,6.915,0.50022,7.949,7.644
11.9405,7.069799999999999,0.041461,7.857,8.0535
11.95,7.069799999999999,0.2127364,7.888599999999999,8.02
11.869282926829268,7.004454545454546,0.46155421875,7.883423076923076,7.741491219512195
11.869282926829268,7.004454545454546,0.46155421875,7.883423076923076,7.741491219512195
11.869282926829268,7.004454545454546,0.46155421875,7.883423076923076,7.741491219512195
11.869282926829268,7.004454545454546,0.46155421875,7.883423076923076,7.741491219512195
11.869282926829268,7.004454545454546,0.46155421875,7.883423076923076,7.741491219512195
11.869282926829268,7.004454545454546,0.46155421875,7.883423076923076,7.741491219512195
11.869282926829268,7.004454545454546,0.46155421875,7.883423076923076,7.741491219512195
11.869282926829268,7.004454545454546,0.46155421875,7.883423076923076,7.741491219512195
11.869282926829268,7.004454545454546,0.46155421875,7.883423076923076,7.741491219512195
11.869282926829268,7.004454545454546,0.46155421875,7.883423076923076,7.741491219512195
11.869282926829268,7.004454545454546,0.46155421875,7.883423076923076,7.741491219512195
11.869282926829268,7.004454545454546,0.46155421875,7.883423076923076,7.741491219512195
11.869282926829268,7.004454545454546,0.46155421875,7.883423076923076,7.741491219512195
11.869282926829268,7.004454545454546,0.46155421875,7.883423076923076,7.741491219512195
11.869282926829268,7.004454545454546,0.46155421875,7.883423076923076,7.741491219512195
11.869282926829268,7.004454545454546,0.46155421875,7.883423076923076,7.741491219512195
11.869282926829268,7.004454545454546,0.46155421875,7.883423076923076,7.741491219512195
11.869282926829268,7.004454545454546,0.46155421875,7.883423076923076,7.741491219512195
11.869282926829268,7.004454545454546,0.46155421875,7.883423076923076,7.741491219512195
11.869282926829268,7.004454545454546,0.46155421875,7.883423076923076,7.741491219512195
11.869282926829268,7.004454545454546,0.46155421875,7.883423076923076,7.741491219512195
11.869282926829268,7.004454545454546,0.46155421875,7.883423076923076,7.741491219512195
11.869282926829268,7.004454545454546,0.46155421875,7.883423076923076,7.741491219512195
11.869282926829268,7.004454545454546,0.46155421875,7.883423076923076,7.741491219512195
11.869282926829268,7.004454545454546,0.46155421875,7.883423076923076,7.741491219512195
11.869282926829268,7.004454545454546,0.46155421875,7.883423076923076,7.741491219512195
11.869282926829268,7.004454545454546,0.46155421875,7.883423076923076,7.741491219512195
11.869282926829268,7.004454545454546,0.46155421875,7.883423076923076,7.741491219512195
11.869282926829268,7.004454545454546,0.46155421875,7.883423076923076,7.741491219512195
11.869282926829268,7.004454545454546,0.46155421875,7.883423076923076,7.741491219512195
11.869282926829268,7.004454545454546,0.46155421875,7.883423076923076,7.741491219512195
11.869282926829268,7.004454545454546,0.46155421875,7.883423076923076,7.741491219512195
11.869282926829268,7.004454545454546,0.46155421875,7.883423076923076,7.741491219512195
11.869282926829268,7.004454545454546,0.46155421875,7.883423076923076,7.741491219512195
11.869282926829268,7.004454545454546,0.46155421875,7.883423076923076,7.741491219512195
11.869282926829268,7.004454545454546,0.46155421875,7.883423076923076,7.741491219512195
11.869282926829268,7.004454545454546,0.46155421875,7.883423076923076,7.741491219512195
11.869282926829268,7.004454545454546,0.46155421875,7.883423076923076,7.741491219512195
11.869282926829268,7.004454545454546,0.46155421875,7.883423076923076,7.741491219512195
11.869282926829268,7.004454545454546,0.46155421875,7.883423076923076,7.741491219512195
11.869282926829268,7.004454545454546,0.46155421875,7.883423076923076,7.741491219512195
11.869282926829268,7.004454545454546,0.46155421875,7.883423076923076,7.741491219512195
11.869282926829268,7.004454545454546,0.46155421875,7.883423076923076,7.741491219512195
11.869282926829268,7.004454545454546,0.46155421875,7.883423076923076,7.741491219512195
11.869282926829268,7.004454545454546,0.46155421875,7.883423076923076,7.741491219512195
11.869282926829268,7.004454545454546,0.46155421875,7.883423076923076,7.741491219512195
11.869282926829268,7.004454545454546,0.46155421875,7.883423076923076,7.741491219512195
11.869282926829268,7.004454545454546,0.46155421875,7.883423076923076,7.741491219512195
11.869282926829268,7.004454545454546,0.46155421875,7.883423076923076,7.741491219512195
11.869282926829268,7.004454545454546,0.46155421875,7.883423076923076,7.741491219512195
11.869282926829268,7.004454545454546,0.46155421875,7.883423076923076,7.741491219512195
11.869282926829268,7.004454545454546,0.46155421875,7.883423076923076,7.741491219512195
11.869282926829268,7.004454545454546,0.46155421875,7.883423076923076,7.741491219512195
11.869282926829268,7.004454545454546,0.46155421875,7.883423076923076,7.741491219512195
11.869282926829268,7.004454545454546,0.46155421875,7.883423076923076,7.741491219512195
11.869282926829268,7.004454545454546,0.46155421875,7.883423076923076,7.741491219512195
11.869282926829268,7.004454545454546,0.46155421875,7.883423076923076,7.741491219512195
11.869282926829268,7.004454545454546,0.46155421875,7.883423076923076,7.741491219512195
11.869282926829268,7.004454545454546,0.46155421875,7.883423076923076,7.741491219512195
11.869282926829268,7.004454545454546,0.46155421875,7.883423076923076,7.741491219512195
11.869282926829268,7.004454545454546,0.46155421875,7.883423076923076,7.741491219512195
11.869282926829268,7.004454545454546,0.46155421875,7.883423076923076,7.741491219512195
11.869282926829268,7.004454545454546,0.46155421875,7.883423076923076,7.741491219512195
11.869282926829268,7.004454545454546,0.46155421875,7.883423076923076,7.741491219512195
11.869282926829268,7.004454545454546,0.46155421875,7.883423076923076,7.741491219512195
11.869282926829268,7.004454545454546,0.46155421875,7.883423076923076,7.741491219512195
11.869282926829268,7.004454545454546,0.46155421875,7.883423076923076,7.741491219512195
11.869282926829268,7.004454545454546,0.46155421875,7.883423076923076,7.741491219512195
11.869282926829268,7.004454545454546,0.46155421875,7.883423076923076,7.741491219512195
11.869282926829268,7.004454545454546,0.46155421875,7.883423076923076,7.741491219512195
11.869282926829268,7.004454545454546,0.46155421875,7.883423076923076,7.741491219512195
11.869282926829268,7.004454545454546,0.46155421875,7.883423076923076,7.741491219512195
11.869282926829268,7.004454545454546,0.46155421875,7.883423076923076,7.741491219512195
11.869282926829268,7.004454545454546,0.46155421875,7.883423076923076,7.741491219512195
11.869282926829268,7.004454545454546,0.46155421875,7.883423076923076,7.741491219512195
11.869282926829268,7.004454545454546,0.46155421875,7.883423076923076,7.741491219512195
11.869282926829268,7.004454545454546,0.46155421875,7.883423076923076,7.741491219512195
11.869282926829268,7.004454545454546,0.46155421875,7.883423076923076,7.741491219512195
11.869282926829268,7.004454545454546,0.46155421875,7.883423076923076,7.741491219512195
11.869282926829268,7.004454545454546,0.46155421875,7.883423076923076,7.741491219512195
11.869282926829268,7.004454545454546,0.46155421875,7.883423076923076,7.741491219512195
11.869282926829268,7.004454545454546,0.46155421875,7.883423076923076,7.741491219512195
11.869282926829268,7.004454545454546,0.46155421875,7.883423076923076,7.741491219512195
11.869282926829268,7.004454545454546,0.46155421875,7.883423076923076,7.741491219512195
11.869282926829268,7.004454545454546,0.46155421875,7.883423076923076,7.741491219512195
11.869282926829268,7.004454545454546,0.46155421875,7.883423076923076,7.741491219512195
11.869282926829268,7.004454545454546,0.46155421875,7.883423076923076,7.741491219512195
11.869282926829268,7.004454545454546,0.46155421875,7.883423076923076,7.741491219512195
11.869282926829268,7.004454545454546,0.46155421875,7.883423076923076,7.741491219512195
11.869282926829268,7.004454545454546,0.46155421875,7.883423076923076,7.741491219512195
11.869282926829268,7.004454545454546,0.46155421875,7.883423076923076,7.741491219512195
11.869282926829268,7.004454545454546,0.46155421875,7.883423076923076,7.741491219512195
11.869282926829268,7.004454545454546,0.46155421875,7.883423076923076,7.741491219512195
11.869282926829268,7.004454545454546,0.46155421875,7.883423076923076,7.741491219512195
11.869282926829268,7.004454545454546,0.46155421875,7.883423076923076,7.741491219512195
11.869282926829268,7.004454545454546,0.46155421875,7.883423076923076,7.741491219512195
11.869282926829268,7.004454545454546,0.46155421875,7.883423076923076,7.741491219512195
11.869282926829268,7.004454545454546,0.46155421875,7.883423076923076,7.741491219512195
11.869282926829268,7.004454545454546,0.46155421875,7.883423076923076,7.741491219512195
11.869282926829268,7.004454545454546,0.46155421875,7.883423076923076,7.741491219512195
11.869282926829268,7.004454545454546,0.46155421875,7.883423076923076,7.741491219512195
11.869282926829268,7.004454545454546,0.46155421875,7.883423076923076,7.741491219512195
11.869282926829268,7.004454545454546,0.46155421875,7.883423076923076,7.741491219512195
11.869282926829268,7.004454545454546,0.46155421875,7.883423076923076,7.741491219512195
11.869282926829268,7.004454545454546,0.46155421875,7.883423076923076,7.741491219512195
11.869282926829268,7.004454545454546,0.46155421875,7.883423076923076,7.741491219512195
11.869282926829268,7.004454545454546,0.46155421875,7.883423076923076,7.741491219512195
11.869282926829268,7.004454545454546,0.46155421875,7.883423076923076,7.741491219512195
11.869282926829268,7.004454545454546,0.46155421875,7.883423076923076,7.741491219512195
11.869282926829268,7.004454545454546,0.46155421875,7.883423076923076,7.741491219512195
11.869282926829268,7.004454545454546,0.46155421875,7.883423076923076,7.741491219512195
11.869282926829268,7.004454545454546,0.46155421875,7.883423076923076,7.741491219512195
11.869282926829268,7.004454545454546,0.46155421875,7.883423076923076,7.741491219512195
11.869282926829268,7.004454545454546,0.46155421875,7.883423076923076,7.741491219512195
11.869282926829268,7.004454545454546,0.46155421875,7.883423076923076,7.741491219512195
11.869282926829268,7.004454545454546,0.46155421875,7.883423076923076,7.741491219512195
11.869282926829268,7.004454545454546,0.46155421875,7.883423076923076,7.741491219512195
11.869282926829268,7.004454545454546,0.46155421875,7.883423076923076,7.741491219512195
11.869282926829268,7.004454545454546,0.46155421875,7.883423076923076,7.741491219512195
11.869282926829268,7.004454545454546,0.46155421875,7.883423076923076,7.741491219512195
11.869282926829268,7.004454545454546,0.46155421875,7.883423076923076,7.741491219512195
11.869282926829268,7.004454545454546,0.46155421875,7.883423076923076,7.741491219512195
11.869282926829268,7.004454545454546,0.46155421875,7.883423076923076,7.741491219512195
11.869282926829268,7.004454545454546,0.46155421875,7.883423076923076,7.741491219512195
11.869282926829268,7.004454545454546,0.46155421875,7.883423076923076,7.741491219512195
11.869282926829268,7.004454545454546,0.46155421875,7.883423076923076,7.741491219512195
11.869282926829268,7.004454545454546,0.46155421875,7.883423076923076,7.741491219512195
11.869282926829268,7.004454545454546,0.46155421875,7.883423076923076,7.741491219512195
11.869282926829268,7.004454545454546,0.46155421875,7.883423076923076,7.741491219512195
11.869282926829268,7.004454545454546,0.46155421875,7.883423076923076,7.741491219512195
11.869282926829268,7.004454545454546,0.46155421875,7.883423076923076,7.741491219512195
11.869282926829268,7.004454545454546,0.46155421875,7.883423076923076,7.741491219512195
11.869282926829268,7.004454545454546,0.46155421875,7.883423076923076,7.741491219512195
11.869282926829268,7.004454545454546,0.46155421875,7.883423076923076,7.741491219512195
11.869282926829268,7.004454545454546,0.46155421875,7.883423076923076,7.741491219512195
11.869282926829268,7.004454545454546,0.46155421875,7.883423076923076,7.741491219512195
11.869282926829268,7.004454545454546,0.46155421875,7.883423076923076,7.741491219512195
11.869282926829268,7.004454545454546,0.46155421875,7.883423076923076,7.741491219512195
11.869282926829268,7.004454545454546,0.46155421875,7.883423076923076,7.741491219512195
11.869282926829268,7.004454545454546,0.46155421875,7.883423076923076,7.741491219512195
11.869282926829268,7.004454545454546,0.46155421875,7.883423076923076,7.741491219512195
11.869282926829268,7.004454545454546,0.46155421875,7.883423076923076,7.741491219512195
11.869282926829268,7.004454545454546,0.46155421875,7.883423076923076,7.741491219512195
