RI_lines,Slco5a1,Spag16,Hecw2,Mark1,Vwc2l,C130074G19Rik,Tns1,Slc4a3,Rab23,Khdrbs2,Cfap65
BXD1,1,0,1,1,0,1,0,0,0,0,0
BXD2,1,1,1,1,1,1,1,1,1,1,1
BXD5,0,1,1,0,1,0,1,1,1,1,1
BXD6,0,0,0,1,0,1,0,0,0,0,0
BXD8,0,0,0,0,0,0,0,0,0,0,0
BXD9,1,1,1,0,1,0,1,1,1,1,1
BXD11,0,1,1,1,1,1,1,1,1,1,1
BXD12,0,1,1,1,1,1,1,1,0,0,1
BXD13,1,1,1,0,1,0,0,0,1,1,0
BXD14,1,1,1,1,1,1,1,1,1,1,1
BXD15,0,0,0,1,0,1,0,0,0,0,0
BXD16,0,1,0,1,1,1,1,1,1,1,1
BXD18,1,1,0,1,1,1,1,1,0,0,1
BXD19,0,1,0,1,1,1,1,1,0,0,1
BXD20,0,1,0,1,1,1,1,1,0,0,1
BXD21,0,1,0,0,1,0,1,1,0,0,1
BXD22,0,0,1,0,0,0,1,1,1,1,1
BXD23,1,0.5,1,0,0.5,0,0,0,1,1,0
BXD24,1,1,1,0,1,0,1,1,1,1,1
BXD24a,1,1,1,0,1,0,1,1,1,1,1
BXD25,0,0,0,0,0,0,0,0,0,0,0
BXD27,1,0,0,0,0,0,0,0,1,1,0
BXD28,0,0,0,1,0,1,0,0,1,1,0
BXD29,0,0,0,0,0,0,1,1,0,0,1
BXD30,1,0,0,1,0,1,0,0,0,0,0
BXD31,1,1,1,1,1,1,1,1,1,1,1
BXD32,1,0,0,0,0,0,0,0,1,1,0
BXD33,0,0,0,1,0,1,0,0,0,0,0
BXD34,1,0,1,1,0,1,0,0,1,1,0
BXD35,1,1,1,1,1,1,1,0,1,1,0
BXD36,1,0,1,1,0,1,1,1,0,0,1
BXD37,1,0,0,0,0,0,0,0,1,1,0
BXD38,1,1,1,0,1,0,1,1,1,1,1
BXD39,0,0,0,0,0,0,0,0,0,0,0
BXD40,1,1,1,1,1,1,1,1,1,1,1
BXD41,0,0.5,1,0.5,0.5,0.5,0,0,0,0,0
BXD42,1,0,0,1,0,1,0,0,0,0,0
BXD43,0,0,0,1,0,1,0,0,1,1,0
BXD44,0,1,0,0,1,0,1,1,0,0,1
BXD45,1,1,0,1,1,1,1,1,0,0,1
BXD48,0,0,1,1,0,1,0,0,1,1,0
BXD48a,0,0,1,1,0,1,0,0,1,1,0
BXD49,0,0,0,1,0,1,1,1,1,1,1
BXD50,1,0,1,0,0,0,0,0,0,0,0
BXD51,1,1,1,1,1,1,1,1,1,1,1
BXD52,1,0,0,0,0,0,0,0,1,1,0
BXD53,1,1,1,1,1,1,0,0,1,1,0
BXD54,1,0,0,1,0,1,0,0,1,1,0
BXD55,0,1,1,1,1,1,1,1,0,0,1
BXD56,0,0,0,1,0,1,0,0,0,0,0
BXD59,0,0,0,0,0,0,0,0,0,0,0
BXD60,1,1,1,1,1,1,1,1,1,1,1
BXD61,0,0,0,0,0,0,0,0,0,0,0
BXD62,0,0,0,0,0,0,0,0,1,1,0
BXD63,0,0,0,1,0,1,0,0,0,0,0
BXD64,0,0,0,1,0,1,0,0,0,0,0
BXD65,1,1,1,1,1,1,0,0,1,1,0
BXD65a,1,1,1,1,1,1,0,0,1,1,0
BXD65b,1,1,1,1,1,1,0,0,1,1,0
BXD66,1,0,1,1,0,1,1,1,1,1,1
BXD67,1,0,1,0,0,0,0,0,1,1,0
BXD68,0,0,0,1,0,1,0,0,0,0,0
BXD69,1,0,1,0,0,0,1,1,1,1,1
BXD70,1,1,1,1,1,1,1,1,1,1,1
BXD71,1,1,0,1,1,1,1,1,0,0,1
BXD72,0,1,0,1,1,1,1,1,0,0,1
BXD73,0,0,0,1,0,1,0,0,0,0,0
BXD73a,0,1,1,1,1,1,1,1,0,0,1
BXD73b,0,1,1,1,1,1,1,1,0,0,1
BXD74,1,1,0,0,1,0,1,1,0,0,1
BXD75,0,0,0,0,0,0,0,0,0,0,0
BXD76,1,1,1,1,1,1,1,1,1,1,1
BXD77,1,0,0,0,0,0,0,0,1,1,0
BXD78,0,1,0,1,1,1,1,1,0,0,1
BXD79,1,0,0,0,0,0,0,0,1,1,0
BXD81,1,1,0,1,1,1,1,1,1,1,1
BXD83,0,0,0,0,0,0,0,0,1,1,0
BXD84,1,0,1,1,0,1,0,0,1,1,0
BXD85,0,1,0,1,1,1,1,1,0,0,1
BXD86,0,0,0,0,0,0,0,0,0,0,0
BXD87,1,0,0,0,0,0,0,0,1,1,0
BXD88,1,1,1,1,1,1,1,1,0,0,1
BXD89,1,1,1,1,1,1,1,1,1,1,1
BXD90,1,1,0,1,1,1,1,1,0,0,1
BXD91,0,1,1,1,1,1,1,1,0,0,1
BXD93,1,1,1,1,1,1,1,1,1,1,1
BXD94,0,0.5,0,1,0.5,1,1,1,0,0,1
BXD95,0,1,1,1,1,1,1,1,1,1,1
BXD98,0,0,0,1,0,1,0,0,1,1,0
BXD99,1,1,1,0,1,0,1,1,0,0,1
BXD100,1,0,0,1,0,1,1,0,0,0,1
BXD101,1,0,0,1,0,1,0,0,1,1,0
BXD102,0,0,0,1,0,1,0,0,1,1,0
BXD104,0.5,0,0.5,0.5,0,0.5,0,0,0.5,0.5,0
BXD105,0,0,0,0,0,0,0,0,1,1,0
BXD106,1,1,1,1,1,1,1,1,1,1,1
BXD107,0,1,1,0,1,0,1,1,0,0,1
BXD108,1,1,1,1,1,1,1,1,1,1,1
BXD109,0.5,1,1,0,1,0,1,1,1,1,1
BXD110,0,1,1,1,1,1,1,1,1,1,1
BXD111,1,1,0,1,1,1,1,1,1,1,1
BXD112,0,0,0,1,0,1,0,0,1,1,0
BXD113,1,0,0,0,0,0,0,0,1,1,0
BXD114,0,0,1,1,0,1,0,0,0,0,0
BXD115,1,1,0.5,0,1,0,1,1,1,1,1
BXD116,0,1,1,1,1,1,1,1,1,1,1
BXD117,0,1,1,0,1,0,1,1,1,0,1
BXD119,0.5,1,1,1,1,1,1,1,0.5,0.5,1
BXD120,1,1,1,1,1,1,1,1,1,1,1
BXD121,0.5,1,1,1,1,1,1,1,1,1,1
BXD122,0.5,0,0,1,0,1,0,0,0,0,0
BXD123,0,0,0,1,0,1,0,0,0,0,0
BXD124,1,0.5,0.5,1,0.5,1,0.5,0.5,1,1,0.5
BXD125,1,1,1,1,1,1,1,0,1,1,1
BXD126,0,0,0,0.5,0,0.5,0,0,0,0,0
BXD127,0,0,0,1,0,1,0,0,0,0,0
BXD128,1,1,1,1,1,1,1,1,1,1,1
BXD128a,1,1,1,1,1,1,1,1,1,1,1
BXD130,1,1,1,0.5,1,0.5,0.5,0.5,1,1,0.5
BXD131,1,1,1,0,1,0,1,1,0,0,1
BXD132,1,0,0,1,0,1,0,0,0,0,0
BXD133,1,1,1,1,1,1,1,1,1,1,1
BXD134,1,0.5,0.5,0,0.5,0,0.5,0.5,1,1,0.5
BXD135,0.5,0.5,0.5,0.5,0.5,0.5,0.5,1,0.5,0.5,0.5
BXD136,0,0,0.5,0,0,0,0,0,0.5,0.5,0
BXD137,0,0,0,0,0,0,0,0,0,0,0
BXD138,0.5,1,1,0.5,1,0.5,1,1,0.5,0.5,1
BXD139,0,0,0,1,0,1,0,0,0,0,0
BXD141,1,0,0,0,0,0,0,0,0,0,0
BXD142,1,1,1,1,1,1,1,1,1,1,1
BXD144,1,1,1,1,1,1,1,1,1,1,1
BXD145,1,1,1,0,1,0,0.5,0.5,1,1,0.5
BXD146,0,0,0,1,0,1,0,0,0,0,0
BXD147,0,0,0,0,0,0,0,0,0,0,0
BXD148,1,0,0,1,0,1,0,0,1,1,0
BXD149,0,0,0,1,0,1,0,0,0,0,0
BXD150,1,1,1,1,1,1,1,1,1,1,1
BXD151,0,1,1,0,1,0,1,1,0,0,1
BXD152,0,0,0,0,0,0,0,0,0,0,0
BXD153,0,0,0,1,0,1,0,0,0,0,0
BXD154,1,1,1,1,1,1,1,1,1,1,1
BXD155,0,0,0,0,0,0,0,0,0,0,0
BXD156,0,0,0,1,0,1,0,0,0,0,0
BXD157,0,1,1,0,1,0,1,1,1,0,1
BXD160,0,1,0,0,1,0,0,0,0,0,0
BXD161,0,0,0,0,0,0,0,0,0,0,0
BXD162,1,1,1,1,1,1,0.5,0.5,0,0,0.5
BXD165,0,0,0,1,0,1,0,0,1,1,0
BXD168,1,0,0,0,0,0,0,0,0,0,0
BXD169,1,0,0,0,0,0,0,0,0.5,0.5,0
BXD170,0,1,1,1,1,1,0,0,1,1,0
BXD171,1,1,1,1,1,1,1,1,0,0,1
BXD172,1,0,0,1,0,1,0,0,0,0,0
BXD173,1,1,1,1,1,1,0,0,1,1,0
BXD174,1,1,0,0,1,0,0,0,1,1,0
BXD175,0,1,1,1,1,1,1,1,1,1,1
BXD176,1,0,0,1,0,1,0,0,1,1,0
BXD177,0,0,0,1,0,1,0,0,1,1,0
BXD178,1,1,1,0,1,0,1,1,0,0,1
BXD180,0,0,0,1,0,1,0,0,0,0,0
BXD181,0,0,0,1,0,1,0,0,0,0,0
BXD183,0,0,0,1,0,1,1,1,0,0,1
BXD184,0,1,1,1,1,1,0,0,0,0,0
BXD186,1,0,0,1,0,1,0,0,0,0,0
BXD187,1,1,1,0,1,0,1,1,1,1,1
BXD188,0,0,0,0,0,0,0,0,0,0,0
BXD189,0,0.5,1,1,0.5,1,0.5,0.5,0,0,0.5
BXD190,1,1,1,1,1,1,1,1,0,0,1
BXD191,1,1,1,1,1,1,0,0,1,1,0
BXD192,0.5,1,1,1,1,1,1,1,0.5,0.5,1
BXD193,1,0.5,0.5,0.5,0.5,0.5,0.5,0.5,1,1,0.5
BXD194,1,0,0,0,0,0,0,0,1,1,0
BXD195,1,0,0,0,0,0,0,0,0,0,0
BXD196,0,1,1,0,1,0,1,1,0,0,1
BXD197,0,0,0.5,0,0,0,0,0,0,0,0
BXD198,1,0,0,0,0,0,0,0,1,1,0
BXD199,1,1,1,1,1,1,1,1,1,1,1
BXD200,1,0,0,1,0,1,0,0,1,1,0
BXD201,1,1,1,0,1,0,1,1,1,1,1
BXD202,0,1,1,0.5,1,0.5,1,1,0,0,1
BXD203,0,1,1,0,1,0,1,1,1,1,1
BXD204,0,0,0,0,0,0,0,0,0,0,0
BXD205,0,1,0.5,0,1,0,1,1,0,0,1
BXD206,0,0,0,1,0,1,0,0,0,0,0
BXD207,0,0,0,0.5,0,0.5,0,0,0,0,0
BXD208,1,1,1,1,1,1,1,1,1,1,1
BXD209,0,0,0,1,0,1,0,0,0,0,0
BXD210,1,0,1,1,0,1,0,0,1,1,0
BXD211,0,0,0,0,0,0,0,0,0,0,0
BXD212,1,1,1,0.5,1,0.5,1,1,1,1,1
BXD213,0,0,0,1,0,1,0,0,0,0,0
BXD214,0,1,1,0,1,0,1,1,1,1,1
BXD215,1,1,1,1,1,1,1,1,1,1,1
BXD216,1,1,1,0,1,0,1,1,1,1,1
BXD217,0,1,1,1,1,1,1,1,0,0,1
BXD218,1,1,1,1,1,1,1,1,1,1,1
BXD219,0.5,0,0,1,0,1,0,0,0.5,0.5,0
BXD220,0,1,1,0.5,1,0.5,1,1,0.5,0.5,1
C571L/6JxBXD037F1,1,0.5,0.5,0.5,0.5,0.5,0.5,0.5,1,1,0.5
BXD001xBXD065aF1,1,0.5,1,1,0.5,1,0,0,0.5,0.5,0
BXD009xBXD170F1,0.5,1,1,0.5,1,0.5,0.5,0.5,1,1,0.5
BXD009xBXD172F1,1,0.5,0.5,0.5,0.5,0.5,0.5,0.5,0.5,0.5,0.5
BXD012xBXD002F1,0.5,1,1,1,1,1,1,1,0.5,0.5,1
BXD012xBXD021F1,0,1,0.5,0.5,1,0.5,1,1,0,0,1
BXD020xBXD012F1,0,1,0.5,1,1,1,1,1,0,0,1
BXD021xBXD002F1,0.5,1,0.5,0.5,1,0.5,1,1,0.5,0.5,1
BXD024xBXD034F1,1,0.5,1,0.5,0.5,0.5,0.5,0.5,1,1,0.5
BXD032xBXD005F1,0.5,0.5,0.5,0,0.5,0,0.5,0.5,1,1,0.5
BXD032xBXD028F1,0.5,0,0,0.5,0,0.5,0,0,1,1,0
BXD032xBXD65bF1,1,0.5,0.5,0.5,0.5,0.5,0,0,1,1,0
BXD034xBXD024F1,1,0.5,1,0.5,0.5,0.5,0.5,0.5,1,1,0.5
BXD034xBXD073F1,0.5,0,0.5,1,0,1,0,0,0.5,0.5,0
BXD055xBXD074F1,0.5,1,0.5,0.5,1,0.5,1,1,0,0,1
BXD055xBXD65bF1,0.5,1,1,1,1,1,0.5,0.5,0.5,0.5,0.5
BXD061xBXD071F1,0.5,0.5,0,0.5,0.5,0.5,0.5,0.5,0,0,0.5
BXD062xBXD077F1,0.5,0,0,0,0,0,0,0,1,1,0
BXD065xBXD077F1,1,0.5,0.5,0.5,0.5,0.5,0,0,1,1,0
BXD077xBXD065F1,1,0.5,0.5,0.5,0.5,0.5,0,0,1,1,0
BXD065xBXD102F1,0.5,0.5,0.5,1,0.5,1,0,0,1,1,0
BXD069xBXD090F1,1,0.5,0.5,0.5,0.5,0.5,1,1,0.5,0.5,1
BXD071xBXD061F1,0.5,0.5,0,0.5,0.5,0.5,0.5,0.5,0,0,0.5
BXD073bxBXD065F1,0.5,1,1,1,1,1,0.5,0.5,0.5,0.5,0.5
BXD073bxBXD077F1,0.5,0.5,0.5,0.5,0.5,0.5,0.5,0.5,0.5,0.5,0.5
BXD073xBXD034F1,0.5,0,0.5,1,0,1,0,0,0.5,0.5,0
BXD073xBXD065F1,0.5,0.5,0.5,1,0.5,1,0,0,0.5,0.5,0
BXD073xBXD077F1,0.5,0,0,0.5,0,0.5,0,0,0.5,0.5,0
BXD074xBXD055F1,0.5,1,0.5,0.5,1,0.5,1,1,0,0,1
BXD077xBXD062F1,0.5,0,0,0,0,0,0,0,1,1,0
BXD083xBXD045F1,0.5,0.5,0,0.5,0.5,0.5,0.5,0.5,0.5,0.5,0.5
BXD087xBXD100F1,1,0,0,0.5,0,0.5,0.5,0,0.5,0.5,0.5
BXD065bxBXD055F1,0.5,1,1,1,1,1,0.5,0.5,0.5,0.5,0.5
BXD102xBXD077F1,0.5,0,0,0.5,0,0.5,0,0,1,1,0
BXD102xBXD73bF1,0,0.5,0.5,1,0.5,1,0.5,0.5,0.5,0.5,0.5
BXD170xBXD172F1,0.5,0.5,0.5,1,0.5,1,0,0,0.5,0.5,0
BXD172xBXD197F1,0.5,0,0.5,0.5,0,0.5,0,0,0,0,0
BXD197xBXD009F1,0.5,0.5,0.5,0,0.5,0,0.5,0.5,0.5,0.5,0.5
