 Trpa1	 Kcnb2	 Terf1	 Rdh10	 Pkhd1	 Nck2 	 Ecrg4	 Xkr4	 Mrpl15 	 Rgs20 	Leptin_receptor_EPFLMouseLiverBothExRMA0413	Hepatic_nuclear_EPFLMouseLiverBothExRMA0413
1.0	1.0	1.0	1.0	0.0	0.0	0.0	1.0	1.0	1.0	8.054584745762712	8.935525593220339
1.0	1.0	1.0	1.0	1.0	1.0	1.0	1.0	1.0	1.0	8.054584745762712	8.935525593220339
1.0	1.0	1.0	1.0	1.0	1.0	1.0	0.0	0.0	0.0	8.054584745762712	8.935525593220339
0.0	0.0	0.0	0.0	0.0	0.0	0.0	0.0	0.0	0.0	8.054584745762712	8.935525593220339
0.0	0.0	0.0	0.0	0.0	0.0	0.0	0.0	0.0	0.0	8.054584745762712	8.935525593220339
1.0	1.0	1.0	1.0	1.0	1.0	1.0	1.0	1.0	1.0	8.054584745762712	8.935525593220339
0.0	0.0	0.0	0.0	0.0	1.0	1.0	1.0	1.0	1.0	8.04401	9.02669
0.0	0.0	0.0	0.0	0.0	1.0	1.0	0.0	0.0	0.0	8.21646	7.51755
1.0	1.0	1.0	1.0	1.0	1.0	1.0	1.0	1.0	1.0	7.75481	10.2055
1.0	1.0	1.0	0.0	0.0	1.0	1.0	1.0	1.0	1.0	7.1641	8.64306
0.0	0.0	0.0	0.0	0.0	0.0	0.0	0.0	0.0	0.0	8.05449	8.56443
0.0	0.0	0.0	0.0	0.0	0.0	0.0	0.0	0.0	0.0	7.93877	8.52816
0.0	0.0	0.0	0.0	0.0	0.0	0.0	1.0	1.0	1.0	7.7078	8.36305
0.0	0.0	0.0	0.0	0.0	0.0	0.0	0.0	0.0	0.0	8.44473	9.28799
0.0	1.0	1.0	1.0	0.0	0.0	0.0	0.0	0.0	0.0	8.66839	8.31005
0.0	0.0	0.0	0.0	0.0	0.0	0.0	0.0	0.0	0.0	8.47284	9.23681
0.0	0.0	0.0	0.0	0.0	1.0	1.0	0.0	0.0	0.0	8.50213	8.87015
1.0	1.0	1.0	1.0	1.0	1.0	1.0	1.0	1.0	1.0	7.56993	8.55356
1.0	1.0	1.0	1.0	1.0	1.0	1.0	1.0	1.0	1.0	8.054584745762712	8.935525593220339
1.0	1.0	1.0	1.0	1.0	1.0	1.0	1.0	1.0	1.0	8.30455	8.83983
0.0	0.0	0.0	0.0	0.0	0.0	0.0	0.0	0.0	0.0	8.06891	9.41053
1.0	1.0	1.0	1.0	1.0	0.0	0.0	1.0	1.0	1.0	7.75662	8.64274
1.0	1.0	1.0	1.0	1.0	0.0	0.0	0.0	0.0	0.0	7.87555	9.01161
0.0	0.0	0.0	0.0	0.0	0.0	0.0	0.0	0.0	0.0	7.67425	8.79453
1.0	1.0	1.0	1.0	1.0	0.0	0.0	1.0	1.0	1.0	7.97646	8.967457999999999
1.0	1.0	1.0	1.0	1.0	1.0	1.0	1.0	1.0	1.0	8.564	8.28393
1.0	1.0	1.0	1.0	1.0	1.0	1.0	1.0	1.0	1.0	8.109486	8.885532000000001
0.0	0.0	0.0	0.0	0.0	0.0	0.0	1.0	1.0	1.0	8.45492	7.99181
1.0	1.0	1.0	1.0	1.0	1.0	1.0	1.0	1.0	1.0	7.29798	8.86784
1.0	1.0	1.0	1.0	1.0	1.0	1.0	1.0	1.0	1.0	8.034608	8.742704
1.0	1.0	1.0	1.0	1.0	1.0	1.0	1.0	1.0	1.0	8.19451	8.98416
1.0	1.0	1.0	1.0	1.0	0.0	0.0	1.0	1.0	1.0	7.929953999999999	8.921078
1.0	1.0	1.0	1.0	1.0	1.0	1.0	1.0	1.0	1.0	8.55487	8.52141
0.0	0.0	0.0	0.0	0.0	0.0	0.0	0.0	0.0	0.0	8.02372	8.732762
1.0	1.0	1.0	1.0	1.0	1.0	1.0	1.0	1.0	1.0	8.21618	8.83575
0.0	0.0	0.0	0.0	0.0	1.0	1.0	0.0	0.0	0.0	8.034608	8.742704
1.0	1.0	1.0	1.0	1.0	0.0	0.0	1.0	1.0	1.0	7.84013	9.36651
0.0	0.0	0.0	0.0	0.0	1.0	1.0	1.0	1.0	0.0	7.81816	8.82741
0.0	0.0	0.0	0.0	0.0	0.0	0.0	0.0	0.0	0.0	8.061038	8.832012
0.0	0.0	0.0	0.0	0.0	1.0	1.0	1.0	1.0	1.0	7.66893	9.26745
0.0	0.0	0.0	0.0	0.0	1.0	1.0	1.0	1.0	1.0	8.3579	8.83405
0.0	0.0	0.0	0.0	0.0	1.0	1.0	1.0	1.0	1.0	8.054584745762712	8.935525593220339
1.0	1.0	1.0	1.0	1.0	1.0	1.0	0.0	0.0	0.0	8.504292000000001	8.751602
0.0	0.0	0.0	0.0	0.0	1.0	1.0	0.0	0.0	0.0	7.66051	8.80408
1.0	1.0	1.0	1.0	1.0	1.0	1.0	1.0	1.0	1.0	8.09772	8.58245
1.0	1.0	1.0	1.0	1.0	0.0	0.0	0.0	0.0	1.0	7.7241279999999986	8.94954
1.0	1.0	1.0	1.0	1.0	1.0	1.0	1.0	1.0	1.0	8.242748	9.288122
1.0	1.0	1.0	1.0	1.0	0.0	0.0	1.0	1.0	1.0	8.046076000000001	8.783168
0.0	0.0	0.0	0.0	0.0	0.0	0.0	1.0	1.0	1.0	7.54923	8.63856
0.0	0.0	0.0	0.0	0.0	0.0	0.0	0.0	0.0	0.0	8.06472	8.814506
0.0	0.0	0.0	0.0	0.0	0.0	0.0	1.0	1.0	1.0	8.013026	8.905724000000001
1.0	1.0	1.0	1.0	1.0	1.0	1.0	1.0	1.0	1.0	7.64264	9.35363
0.0	0.0	0.0	0.0	0.0	0.0	0.0	0.0	0.0	0.0	8.16944	9.45586
0.0	0.0	0.0	0.0	0.0	0.0	0.0	0.0	0.0	0.0	7.49403	9.05305
0.0	0.0	0.0	0.0	0.0	0.0	0.0	0.0	0.0	0.0	8.64941	9.46991
0.0	0.0	0.0	0.0	0.0	0.0	0.0	0.0	0.0	0.0	7.98515	9.00394
1.0	1.0	1.0	1.0	1.0	1.0	1.0	0.0	0.0	1.0	8.30995	8.01334
1.0	1.0	1.0	1.0	1.0	1.0	1.0	1.0	1.0	1.0	8.054584745762712	8.935525593220339
1.0	1.0	1.0	1.0	1.0	1.0	1.0	0.0	0.0	1.0	8.054584745762712	8.935525593220339
1.0	1.0	1.0	1.0	1.0	1.0	1.0	1.0	1.0	1.0	7.99123	9.46685
1.0	1.0	1.0	1.0	1.0	0.0	0.0	1.0	1.0	1.0	7.63721	7.16442
0.0	0.0	0.0	0.0	0.0	0.0	0.0	0.0	0.0	0.0	8.66982	9.58664
1.0	1.0	1.0	1.0	1.0	1.0	1.0	1.0	1.0	1.0	8.13686	8.97755
1.0	1.0	1.0	1.0	1.0	1.0	1.0	1.0	1.0	1.0	7.78047	8.95249
1.0	1.0	1.0	1.0	1.0	0.0	0.0	1.0	1.0	1.0	8.129098	8.557126
0.0	0.0	0.0	0.0	0.0	0.0	0.0	1.0	1.0	1.0	8.054584745762712	8.935525593220339
0.0	0.0	0.0	0.0	0.0	0.0	0.0	0.0	0.0	0.0	8.72951	8.04029
0.0	0.0	0.0	0.0	0.0	0.0	1.0	0.0	0.0	0.0	8.054584745762712	8.935525593220339
0.0	0.0	0.0	0.0	0.0	0.0	1.0	0.0	0.0	0.0	8.054584745762712	8.935525593220339
1.0	1.0	1.0	1.0	1.0	0.0	0.0	1.0	1.0	1.0	8.45779	9.47407
0.0	0.0	0.0	0.0	0.0	0.0	0.0	0.0	0.0	0.0	8.24364	10.1443
1.0	1.0	1.0	1.0	1.0	1.0	1.0	1.0	1.0	1.0	8.36399	8.72556
1.0	1.0	1.0	1.0	1.0	0.0	0.0	0.0	0.0	0.0	7.93019	8.24364
0.0	0.0	0.0	0.0	0.0	0.0	0.0	0.0	0.0	0.0	8.054041999999999	8.928747999999999
1.0	1.0	1.0	1.0	1.0	0.0	0.0	0.0	0.0	1.0	8.0249	9.33295
1.0	1.0	1.0	1.0	1.0	1.0	1.0	1.0	1.0	1.0	8.257568	8.813772
0.0	0.0	0.0	0.0	0.0	0.0	0.0	0.0	0.0	0.0	7.71892	9.33879
1.0	1.0	1.0	0.0	0.0	1.0	1.0	1.0	1.0	1.0	8.22446	9.45622
0.0	0.0	0.0	0.0	0.0	0.0	0.0	0.0	0.0	0.0	7.84394	9.03722
0.0	0.0	0.0	0.0	0.0	0.0	0.0	0.0	0.0	0.0	8.7308	9.23518
1.0	1.0	1.0	1.0	1.0	0.0	0.0	1.0	1.0	1.0	7.62115	9.08182
1.0	1.0	1.0	1.0	0.0	0.0	0.0	1.0	1.0	1.0	8.102912	8.835605999999999
1.0	1.0	1.0	1.0	1.0	1.0	1.0	1.0	1.0	1.0	8.54166	8.81592
1.0	1.0	1.0	1.0	1.0	0.0	0.0	1.0	1.0	1.0	8.4019	9.96115
0.0	1.0	1.0	1.0	0.0	0.0	0.0	0.0	0.0	0.0	8.160461999999999	8.916842
1.0	1.0	1.0	1.0	1.0	1.0	1.0	1.0	1.0	1.0	7.40704	8.97914
1.0	1.0	1.0	1.0	1.0	1.0	1.0	0.0	0.0	0.0	7.65919	8.99353
0.0	0.0	0.0	0.0	0.0	1.0	1.0	0.0	0.0	0.0	8.300276	9.40187
0.0	0.0	0.0	0.0	1.0	0.0	0.0	1.0	1.0	1.0	7.99892	9.52933
1.0	1.0	1.0	1.0	1.0	1.0	1.0	1.0	1.0	1.0	8.32809	9.30138
1.0	1.0	1.0	1.0	1.0	1.0	1.0	1.0	1.0	1.0	8.03482	9.39619
1.0	1.0	1.0	0.0	0.0	1.0	1.0	1.0	1.0	1.0	7.872601999999999	8.825106
0.0	0.0	0.0	0.0	0.0	1.0	1.0	1.0	1.0	0.0	8.124951999999999	8.814346
0.5	0.5	0.5	0.5	0.5	1.0	1.0	0.5	0.5	0.5	8.054584745762712	8.935525593220339
0.0	0.0	0.0	0.0	0.0	0.0	0.0	0.0	0.0	0.0	8.054584745762712	8.935525593220339
1.0	1.0	1.0	1.0	1.0	1.0	1.0	1.0	1.0	1.0	8.054584745762712	8.935525593220339
0.0	0.0	0.0	0.0	0.0	1.0	1.0	0.0	0.0	0.0	8.054584745762712	8.935525593220339
1.0	1.0	1.0	1.0	1.0	1.0	1.0	1.0	1.0	1.0	8.054584745762712	8.935525593220339
1.0	1.0	1.0	1.0	1.0	1.0	1.0	0.5	0.5	0.5	8.054584745762712	8.935525593220339
0.0	0.0	0.0	0.0	0.0	1.0	1.0	0.0	0.0	0.0	8.054584745762712	8.935525593220339
1.0	1.0	1.0	1.0	1.0	1.0	0.0	1.0	1.0	1.0	7.984236	9.050528
0.0	0.0	0.0	0.0	1.0	0.0	0.0	0.0	0.0	0.0	8.054584745762712	8.935525593220339
1.0	1.0	1.0	1.0	1.0	0.0	0.0	0.0	0.0	0.0	8.231664	8.77477
0.0	0.0	0.0	0.0	0.0	1.0	1.0	0.0	0.0	0.0	8.054584745762712	8.935525593220339
1.0	1.0	1.0	1.0	1.0	0.5	0.5	1.0	1.0	1.0	8.054584745762712	8.935525593220339
0.0	0.0	0.0	0.0	0.0	1.0	1.0	1.0	1.0	1.0	8.054584745762712	8.935525593220339
0.0	0.0	0.0	0.0	0.0	1.0	1.0	0.0	0.0	0.0	8.054584745762712	8.935525593220339
0.5	0.5	0.5	0.5	0.5	1.0	1.0	0.5	0.5	0.5	8.054584745762712	8.935525593220339
1.0	1.0	1.0	1.0	1.0	1.0	1.0	1.0	1.0	1.0	8.054584745762712	8.935525593220339
1.0	1.0	1.0	1.0	1.0	1.0	1.0	1.0	1.0	1.0	8.054584745762712	8.935525593220339
0.5	0.5	0.5	0.5	0.5	0.0	0.0	0.5	0.5	0.5	8.05028	9.042036
0.0	0.0	0.0	0.0	0.0	0.0	0.0	0.0	0.0	0.0	8.098738	8.990354000000002
1.0	1.0	1.0	1.0	1.0	0.5	0.5	1.0	1.0	1.0	8.281648	8.905046
1.0	1.0	1.0	1.0	1.0	1.0	1.0	1.0	1.0	1.0	8.11077	8.68531
0.0	0.0	0.0	0.0	0.0	0.0	0.0	0.0	0.0	0.0	8.054584745762712	8.935525593220339
0.0	0.0	0.0	0.0	0.0	0.0	0.0	0.0	0.0	0.0	8.054584745762712	8.935525593220339
1.0	1.0	1.0	1.0	1.0	1.0	1.0	1.0	1.0	1.0	8.054584745762712	8.935525593220339
1.0	1.0	1.0	1.0	1.0	0.0	0.0	1.0	1.0	1.0	8.054584745762712	8.935525593220339
1.0	1.0	1.0	1.0	1.0	1.0	1.0	1.0	1.0	1.0	8.054584745762712	8.935525593220339
0.0	0.0	0.0	0.0	0.0	1.0	1.0	0.0	0.0	0.0	8.054584745762712	8.935525593220339
1.0	1.0	1.0	1.0	1.0	0.0	0.0	1.0	1.0	1.0	8.054584745762712	8.935525593220339
1.0	1.0	1.0	1.0	1.0	1.0	1.0	1.0	1.0	1.0	8.054584745762712	8.935525593220339
1.0	1.0	1.0	1.0	1.0	0.5	0.5	1.0	1.0	1.0	8.054584745762712	8.935525593220339
0.5	0.5	0.5	0.5	0.5	0.5	0.5	0.5	0.5	0.5	8.054584745762712	8.935525593220339
0.0	0.0	0.0	0.0	0.0	0.5	0.5	0.0	0.0	0.0	8.054584745762712	8.935525593220339
0.0	0.0	0.0	0.0	0.0	0.0	0.0	0.0	0.0	0.0	8.054584745762712	8.935525593220339
0.5	0.5	0.5	0.5	0.5	1.0	1.0	0.0	0.0	0.0	8.054584745762712	8.935525593220339
0.0	0.0	0.0	0.0	0.0	0.0	0.0	0.0	0.0	0.0	8.054584745762712	8.935525593220339
1.0	1.0	1.0	1.0	1.0	0.0	0.0	1.0	1.0	1.0	8.232258	8.746573999999999
1.0	1.0	1.0	1.0	1.0	1.0	1.0	1.0	1.0	1.0	8.054584745762712	8.935525593220339
1.0	1.0	1.0	1.0	1.0	0.0	0.0	1.0	1.0	1.0	8.054584745762712	8.935525593220339
1.0	1.0	1.0	1.0	1.0	1.0	1.0	1.0	1.0	1.0	8.054584745762712	8.935525593220339
0.0	0.0	0.0	0.0	0.0	0.0	0.0	0.0	0.0	0.0	8.054584745762712	8.935525593220339
0.0	0.0	0.0	0.0	0.0	0.0	0.0	0.0	0.0	0.0	8.054584745762712	8.935525593220339
1.0	1.0	1.0	1.0	1.0	0.0	0.0	1.0	1.0	1.0	8.054584745762712	8.935525593220339
0.0	0.0	0.0	0.0	0.0	0.0	0.0	0.0	0.0	0.0	8.054584745762712	8.935525593220339
1.0	1.0	1.0	1.0	1.0	1.0	1.0	1.0	1.0	1.0	8.10116	9.027994
0.0	0.0	0.0	0.0	0.0	1.0	1.0	0.0	0.0	0.0	7.930114	8.988228000000001
0.0	0.0	0.0	0.0	0.0	0.0	0.0	0.0	0.0	0.0	8.083314	9.008686
0.0	0.0	0.0	0.0	0.0	0.0	0.0	0.0	0.0	0.0	8.054584745762712	8.935525593220339
1.0	1.0	1.0	1.0	1.0	1.0	1.0	1.0	1.0	1.0	8.436566	8.832658
0.0	0.0	0.0	0.0	0.0	0.0	0.0	0.0	0.0	0.0	8.013394	8.77948
1.0	1.0	1.0	0.0	0.0	0.0	0.0	0.0	0.0	0.0	8.054584745762712	8.935525593220339
0.0	0.0	0.0	0.0	0.0	1.0	1.0	0.0	0.0	0.0	8.054584745762712	8.935525593220339
0.0	0.0	0.0	0.0	0.0	0.0	0.0	0.0	0.0	0.0	8.057582	8.88798
0.0	0.0	0.0	0.0	0.0	0.0	0.0	0.0	0.0	0.0	8.044614	9.097478
1.0	1.0	1.0	1.0	1.0	0.0	0.0	1.0	1.0	1.0	8.054584745762712	8.935525593220339
0.0	0.0	0.0	0.0	0.0	0.0	0.0	0.0	0.0	0.0	8.054584745762712	8.935525593220339
1.0	1.0	1.0	1.0	1.0	0.0	0.0	0.0	0.0	0.0	8.132244	8.941078
1.0	1.0	1.0	1.0	1.0	0.0	1.0	1.0	1.0	1.0	8.087684	9.06091
0.0	0.0	0.0	0.0	0.0	1.0	1.0	1.0	1.0	1.0	8.046444	8.975434
1.0	1.0	1.0	1.0	1.0	0.0	0.0	1.0	1.0	1.0	8.138473999999999	8.782343999999998
1.0	1.0	1.0	1.0	1.0	0.0	0.0	1.0	1.0	1.0	8.198378	8.674755999999999
0.5	0.5	0.5	0.5	0.5	1.0	1.0	1.0	1.0	1.0	8.054584745762712	8.935525593220339
1.0	1.0	1.0	1.0	1.0	1.0	1.0	1.0	1.0	1.0	8.054584745762712	8.935525593220339
0.0	0.0	0.0	0.0	0.0	1.0	1.0	0.0	0.0	0.0	8.054584745762712	8.935525593220339
1.0	1.0	1.0	1.0	1.0	0.5	0.5	1.0	1.0	1.0	8.054584745762712	8.935525593220339
0.0	0.0	0.0	0.0	0.0	0.0	0.0	0.0	0.0	0.0	8.046444	8.975434
1.0	1.0	1.0	1.0	1.0	0.0	0.0	0.0	0.0	0.0	8.087684	9.06091
0.0	0.0	0.0	0.0	0.0	0.0	0.0	1.0	1.0	1.0	8.138552	8.758236
0.0	0.0	0.0	0.0	0.0	1.0	1.0	0.0	0.0	0.0	8.054584745762712	8.935525593220339
0.0	0.0	0.0	0.0	0.0	1.0	1.0	1.0	1.0	1.0	8.054584745762712	8.935525593220339
0.0	0.0	0.0	0.0	0.0	1.0	1.0	0.0	0.0	0.0	8.165794	9.07079
1.0	1.0	1.0	1.0	0.0	0.0	0.0	1.0	1.0	1.0	8.054584745762712	8.935525593220339
1.0	1.0	1.0	1.0	1.0	1.0	1.0	1.0	1.0	1.0	7.889598000000001	9.286546
0.0	0.0	0.0	0.0	0.0	0.0	0.0	0.0	0.0	0.0	8.054584745762712	8.935525593220339
0.0	0.0	0.0	0.0	0.0	0.0	0.0	0.0	0.0	0.0	8.054584745762712	8.935525593220339
1.0	1.0	1.0	1.0	1.0	1.0	1.0	1.0	1.0	1.0	7.986844	9.044198
1.0	1.0	1.0	1.0	1.0	1.0	1.0	1.0	1.0	1.0	7.97114	8.933793999999999
0.5	0.5	0.5	0.5	0.5	0.5	0.5	0.5	0.5	0.5	8.054584745762712	8.935525593220339
1.0	1.0	1.0	1.0	1.0	0.5	0.5	1.0	1.0	1.0	8.054584745762712	8.935525593220339
1.0	1.0	1.0	1.0	1.0	0.0	0.0	1.0	1.0	1.0	7.951188	9.082678
1.0	1.0	1.0	1.0	1.0	0.0	0.0	1.0	1.0	1.0	8.05028	9.042036
0.0	0.0	0.0	0.0	0.0	0.0	1.0	0.0	0.0	0.0	8.054584745762712	8.935525593220339
0.0	0.0	0.0	0.0	0.0	1.0	0.5	0.0	0.0	0.0	8.066199999999998	8.94957
1.0	1.0	1.0	1.0	1.0	1.0	1.0	1.0	1.0	1.0	8.054584745762712	8.935525593220339
1.0	1.0	1.0	1.0	1.0	1.0	1.0	1.0	1.0	1.0	7.914202	9.056632
1.0	1.0	1.0	1.0	1.0	0.0	0.0	1.0	1.0	1.0	8.054584745762712	8.935525593220339
1.0	1.0	1.0	1.0	1.0	1.0	1.0	1.0	1.0	1.0	8.054584745762712	8.935525593220339
0.0	0.0	0.0	0.0	0.0	0.5	0.5	0.0	0.0	0.0	8.157416000000001	8.683184
0.0	0.0	0.0	0.0	0.0	1.0	1.0	0.0	0.0	0.0	8.054584745762712	8.935525593220339
0.0	0.0	0.0	0.0	0.0	0.0	0.0	0.0	0.0	0.0	8.054584745762712	8.935525593220339
0.0	0.0	0.0	0.0	0.0	1.0	1.0	0.0	0.0	0.0	8.266968	8.727014
0.0	0.0	0.0	0.0	0.0	0.0	0.0	0.0	0.0	0.0	8.054584745762712	8.935525593220339
0.0	0.0	0.0	0.0	0.0	0.0	0.0	0.0	0.0	0.0	8.054584745762712	8.935525593220339
1.0	1.0	1.0	1.0	1.0	1.0	1.0	0.5	0.5	0.5	8.054584745762712	8.935525593220339
0.0	0.0	0.0	0.0	0.0	0.0	0.0	0.0	0.0	0.0	8.054584745762712	8.935525593220339
1.0	1.0	1.0	1.0	1.0	1.0	1.0	1.0	1.0	1.0	8.263062	9.152424
0.0	0.0	0.0	0.0	0.0	0.0	0.0	0.0	0.0	0.0	7.99068	9.1108
1.0	1.0	1.0	1.0	1.0	1.0	1.0	1.0	1.0	1.0	8.054584745762712	8.935525593220339
0.0	0.0	0.0	0.0	0.0	0.0	0.0	0.0	0.0	0.0	7.999048	9.200206
0.0	0.0	0.0	0.0	0.0	1.0	1.0	0.0	0.0	0.0	8.01379	9.110105999999998
1.0	1.0	1.0	1.0	1.0	1.0	1.0	1.0	1.0	1.0	8.054584745762712	8.935525593220339
1.0	1.0	1.0	1.0	1.0	0.0	1.0	0.5	0.5	0.5	8.035774	8.976589999999998
0.0	0.0	0.0	0.0	0.0	0.0	0.0	0.0	0.0	0.0	7.749456	8.871964
1.0	1.0	1.0	1.0	1.0	1.0	1.0	1.0	1.0	1.0	7.994051999999999	9.000342
0.5	0.5	0.5	0.5	0.5	0.0	0.0	0.0	0.0	0.0	8.10158	8.97277
0.0	0.0	0.0	0.0	0.0	1.0	1.0	0.5	0.5	0.5	8.077648	9.228456
1.0	1.0	1.0	1.0	1.0	0.5	0.5	1.0	1.0	1.0	8.054584745762712	8.935525593220339
1.0	1.0	1.0	1.0	0.5	0.5	0.5	1.0	1.0	1.0	8.054584745762712	8.935525593220339
0.5	0.5	0.5	0.5	0.5	1.0	1.0	1.0	1.0	1.0	8.054584745762712	8.935525593220339
1.0	1.0	1.0	1.0	1.0	0.5	0.5	1.0	1.0	1.0	8.054584745762712	8.935525593220339
0.5	0.5	0.5	0.5	0.5	1.0	1.0	0.5	0.5	0.5	8.054584745762712	8.935525593220339
0.0	0.0	0.0	0.0	0.0	0.5	0.5	0.0	0.0	0.0	8.054584745762712	8.935525593220339
0.0	0.5	0.5	0.5	0.0	0.5	0.5	0.0	0.0	0.0	8.054584745762712	8.935525593220339
0.5	0.5	0.5	0.5	0.5	0.5	0.5	0.5	0.5	0.5	8.054584745762712	8.935525593220339
1.0	1.0	1.0	1.0	1.0	1.0	1.0	1.0	1.0	1.0	8.054584745762712	8.935525593220339
1.0	1.0	1.0	1.0	1.0	1.0	1.0	0.5	0.5	0.5	8.054584745762712	8.935525593220339
1.0	1.0	1.0	1.0	1.0	0.5	0.5	0.5	0.5	0.5	8.054584745762712	8.935525593220339
1.0	1.0	1.0	1.0	1.0	1.0	1.0	0.5	0.5	1.0	8.054584745762712	8.935525593220339
1.0	1.0	1.0	1.0	1.0	1.0	1.0	1.0	1.0	1.0	8.054584745762712	8.935525593220339
0.5	0.5	0.5	0.5	0.5	0.5	0.5	0.5	0.5	0.5	8.054584745762712	8.935525593220339
0.5	0.5	0.5	0.5	0.5	0.0	0.0	1.0	1.0	1.0	8.054584745762712	8.935525593220339
0.5	0.5	0.5	0.5	0.5	0.5	0.5	0.5	0.5	1.0	8.054584745762712	8.935525593220339
0.5	0.5	0.5	0.5	0.5	0.0	0.0	0.5	0.5	0.5	8.054584745762712	8.935525593220339
0.5	0.5	0.5	0.5	0.5	0.0	0.0	0.0	0.0	0.0	8.054584745762712	8.935525593220339
1.0	1.0	1.0	1.0	1.0	0.5	0.5	0.0	0.0	0.5	8.054584745762712	8.935525593220339
1.0	1.0	1.0	1.0	1.0	0.5	0.5	0.0	0.0	0.5	8.054584745762712	8.935525593220339
0.5	0.5	0.5	0.5	0.5	1.0	1.0	0.5	0.5	0.5	8.054584745762712	8.935525593220339
1.0	1.0	1.0	1.0	1.0	0.5	0.5	1.0	1.0	1.0	8.054584745762712	8.935525593220339
0.5	0.5	0.5	0.5	0.5	0.0	0.0	0.5	0.5	0.5	8.054584745762712	8.935525593220339
0.5	0.5	0.5	0.5	0.5	0.5	1.0	0.0	0.0	0.5	8.054584745762712	8.935525593220339
0.5	0.5	0.5	0.5	0.5	0.0	0.5	0.0	0.0	0.0	8.054584745762712	8.935525593220339
0.5	0.5	0.5	0.5	0.5	0.5	0.5	0.5	0.5	0.5	8.054584745762712	8.935525593220339
0.5	0.5	0.5	0.5	0.5	0.5	0.5	0.0	0.0	0.5	8.054584745762712	8.935525593220339
0.5	0.5	0.5	0.5	0.5	0.0	0.0	0.0	0.0	0.0	8.054584745762712	8.935525593220339
0.5	0.5	0.5	0.5	0.5	0.0	0.0	1.0	1.0	1.0	8.054584745762712	8.935525593220339
0.5	0.5	0.5	0.5	0.5	0.0	0.0	0.0	0.0	0.0	8.054584745762712	8.935525593220339
0.0	0.0	0.0	0.0	0.0	0.5	0.5	0.5	0.5	0.5	8.054584745762712	8.935525593220339
1.0	1.0	1.0	1.0	1.0	0.5	0.5	1.0	1.0	1.0	8.054584745762712	8.935525593220339
0.5	0.5	0.5	0.5	0.5	0.5	0.5	0.5	0.5	1.0	8.054584745762712	8.935525593220339
0.5	0.5	0.5	0.5	0.5	0.5	0.5	0.5	0.5	0.0	8.054584745762712	8.935525593220339
0.0	0.0	0.0	0.0	0.0	0.5	1.0	0.5	0.5	0.0	8.054584745762712	8.935525593220339
0.5	0.5	0.5	0.5	0.5	0.5	0.5	1.0	1.0	1.0	8.054584745762712	8.935525593220339
0.5	0.5	0.5	0.5	0.5	0.5	0.5	0.5	0.5	0.5	8.054584745762712	8.935525593220339
0.5	0.5	0.5	0.5	0.5	1.0	0.5	0.5	0.5	0.5	8.054584745762712	8.935525593220339
