Slco5a1	Spag16	Hecw2	Mark1	Vwc2l	C130074G19Rik	Tns1	Slc4a3	Rab23	Khdrbs2	Cfap65	 10478391_UTHSC_GutExL_0414	 ILM4810239_UMCG_0907_Myeloid	 17680_BXD	 ILM104060500_UT_ILM_BXD_hipp_NON_1112	 10506315_UTHSC_GutExL_0414
1.0	0.0	1.0	1.0	0.0	1.0	0.0	0.0	0.0	0.0	0.0	11.869282926829268	7.004454545454546	0.46155421875	7.883423076923076	7.741491219512195
1.0	1.0	1.0	1.0	1.0	1.0	1.0	1.0	1.0	1.0	1.0	11.869282926829268	7.004454545454546	0.46155421875	7.883423076923076	7.741491219512195
0.0	1.0	1.0	0.0	1.0	0.0	1.0	1.0	1.0	1.0	1.0	11.869282926829268	7.004454545454546	0.46155421875	7.883423076923076	7.741491219512195
0.0	0.0	0.0	1.0	0.0	1.0	0.0	0.0	0.0	0.0	0.0	11.869282926829268	7.004454545454546	0.46155421875	7.883423076923076	7.741491219512195
0.0	0.0	0.0	0.0	0.0	0.0	0.0	0.0	0.0	0.0	0.0	11.869282926829268	7.004454545454546	0.46155421875	7.883423076923076	7.741491219512195
1.0	1.0	1.0	0.0	1.0	0.0	1.0	1.0	1.0	1.0	1.0	11.869282926829268	7.004454545454546	0.46155421875	7.883423076923076	7.741491219512195
0.0	1.0	1.0	1.0	1.0	1.0	1.0	1.0	1.0	1.0	1.0	12.0255	6.98	0.7958554	7.8524	7.589
0.0	1.0	1.0	1.0	1.0	1.0	1.0	1.0	0.0	0.0	1.0	11.6795	6.998	0.7197498	7.8762	7.9225
1.0	1.0	1.0	0.0	1.0	0.0	0.0	0.0	1.0	1.0	0.0	11.76194	7.28	0.8317368	7.760799999999999	7.688300000000001
1.0	1.0	1.0	1.0	1.0	1.0	1.0	1.0	1.0	1.0	1.0	11.875	7.205	0.5536778	7.916200000000001	7.8185
0.0	0.0	0.0	1.0	0.0	1.0	0.0	0.0	0.0	0.0	0.0	11.869282926829268	7.004454545454546	0.46155421875	7.883423076923076	7.741491219512195
0.0	1.0	0.0	1.0	1.0	1.0	1.0	1.0	1.0	1.0	1.0	11.8764	6.92	0.8317368	7.781599999999999	7.6088
1.0	1.0	0.0	1.0	1.0	1.0	1.0	1.0	0.0	0.0	1.0	11.850799999999998	6.895	0.8317368	7.781599999999999	7.491199999999999
0.0	1.0	0.0	1.0	1.0	1.0	1.0	1.0	0.0	0.0	1.0	11.8078	6.991	0.8317368	7.781599999999999	7.709
0.0	1.0	0.0	1.0	1.0	1.0	1.0	1.0	0.0	0.0	1.0	11.869282926829268	7.004454545454546	0.46155421875	7.883423076923076	7.741491219512195
0.0	1.0	0.0	0.0	1.0	0.0	1.0	1.0	0.0	0.0	1.0	11.850799999999998	6.738	0.8317368	7.781599999999999	7.491199999999999
0.0	0.0	1.0	0.0	0.0	0.0	1.0	1.0	1.0	1.0	1.0	11.869282926829268	7.004454545454546	0.46155421875	7.883423076923076	7.741491219512195
1.0	0.5	1.0	0.0	0.5	0.0	0.0	0.0	1.0	1.0	0.0	11.7832	7.046	0.8317368	7.781599999999999	7.8595
1.0	1.0	1.0	0.0	1.0	0.0	1.0	1.0	1.0	1.0	1.0	11.9005	6.952	0.636547	7.8452	7.2535
1.0	1.0	1.0	0.0	1.0	0.0	1.0	1.0	1.0	1.0	1.0	11.869282926829268	7.004454545454546	0.46155421875	7.883423076923076	7.741491219512195
0.0	0.0	0.0	0.0	0.0	0.0	0.0	0.0	0.0	0.0	0.0	11.869282926829268	7.004454545454546	0.46155421875	7.883423076923076	7.741491219512195
1.0	0.0	0.0	0.0	0.0	0.0	0.0	0.0	1.0	1.0	0.0	11.83	7.082	0.5717003999999999	7.9262	8.0605
0.0	0.0	0.0	1.0	0.0	1.0	0.0	0.0	1.0	1.0	0.0	11.8706	6.972	0.8317368	7.781599999999999	7.671200000000001
0.0	0.0	0.0	0.0	0.0	0.0	1.0	1.0	0.0	0.0	1.0	11.8945	7.066	0.4669522	7.833599999999999	7.916
1.0	0.0	0.0	1.0	0.0	1.0	0.0	0.0	0.0	0.0	0.0	11.869282926829268	7.004454545454546	0.46155421875	7.883423076923076	7.741491219512195
1.0	1.0	1.0	1.0	1.0	1.0	1.0	1.0	1.0	1.0	1.0	11.5515	6.821	0.5990636	7.8524	7.3345
1.0	0.0	0.0	0.0	0.0	0.0	0.0	0.0	1.0	1.0	0.0	11.9255	6.998	0.4489835999999999	7.8336	7.956
0.0	0.0	0.0	1.0	0.0	1.0	0.0	0.0	0.0	0.0	0.0	11.8764	6.91	0.8317368	7.781599999999999	7.6088
1.0	0.0	1.0	1.0	0.0	1.0	0.0	0.0	1.0	1.0	0.0	11.6237	7.292	0.2449476	7.657	7.204
1.0	1.0	1.0	1.0	1.0	1.0	1.0	0.0	1.0	1.0	0.0	11.869282926829268	7.004454545454546	0.46155421875	7.883423076923076	7.741491219512195
1.0	0.0	1.0	1.0	0.0	1.0	1.0	1.0	0.0	0.0	1.0	11.7832	7.083	0.8317368	7.781599999999999	7.8595
1.0	0.0	0.0	0.0	0.0	0.0	0.0	0.0	1.0	1.0	0.0	11.869282926829268	7.004454545454546	0.46155421875	7.883423076923076	7.741491219512195
1.0	1.0	1.0	0.0	1.0	0.0	1.0	1.0	1.0	1.0	1.0	11.869282926829268	7.004454545454546	0.46155421875	7.883423076923076	7.741491219512195
0.0	0.0	0.0	0.0	0.0	0.0	0.0	0.0	0.0	0.0	0.0	11.5135	7.014999999999999	0.363724	7.8408	7.034
1.0	1.0	1.0	1.0	1.0	1.0	1.0	1.0	1.0	1.0	1.0	11.822	6.985	0.646584	7.8264	7.635
0.0	0.5	1.0	0.5	0.5	0.5	0.0	0.0	0.0	0.0	0.0	11.869282926829268	7.004454545454546	0.46155421875	7.883423076923076	7.741491219512195
1.0	0.0	0.0	1.0	0.0	1.0	0.0	0.0	0.0	0.0	0.0	11.5865	7.025	0.5372346	7.8172	7.4425
0.0	0.0	0.0	1.0	0.0	1.0	0.0	0.0	1.0	1.0	0.0	11.8107	7.069800000000001	0.5762524	7.919	7.869
0.0	1.0	0.0	0.0	1.0	0.0	1.0	1.0	0.0	0.0	1.0	11.9208	6.9714	0.509218	7.833	7.4608
1.0	1.0	0.0	1.0	1.0	1.0	1.0	1.0	0.0	0.0	1.0	11.7125	7.069799999999999	0.516946	8.07	7.945
0.0	0.0	1.0	1.0	0.0	1.0	0.0	0.0	1.0	1.0	0.0	12.0555	7.0662	0.199522	7.8378	7.9
0.0	0.0	1.0	1.0	0.0	1.0	0.0	0.0	1.0	1.0	0.0	11.869282926829268	7.004454545454546	0.46155421875	7.883423076923076	7.741491219512195
0.0	0.0	0.0	1.0	0.0	1.0	1.0	1.0	1.0	1.0	1.0	11.825	7.030199999999999	0.200073	7.8566	7.669
1.0	0.0	1.0	0.0	0.0	0.0	0.0	0.0	0.0	0.0	0.0	12.0315	7.0328	0.417552	7.909599999999999	7.756
1.0	1.0	1.0	1.0	1.0	1.0	1.0	1.0	1.0	1.0	1.0	11.88716	7.0268	0.47326	7.819	7.57916
1.0	0.0	0.0	0.0	0.0	0.0	0.0	0.0	1.0	1.0	0.0	11.869282926829268	7.004454545454546	0.46155421875	7.883423076923076	7.741491219512195
1.0	1.0	1.0	1.0	1.0	1.0	0.0	0.0	1.0	1.0	0.0	11.869282926829268	7.004454545454546	0.46155421875	7.883423076923076	7.741491219512195
1.0	0.0	0.0	1.0	0.0	1.0	0.0	0.0	1.0	1.0	0.0	11.869282926829268	7.004454545454546	0.46155421875	7.883423076923076	7.741491219512195
0.0	1.0	1.0	1.0	1.0	1.0	1.0	1.0	0.0	0.0	1.0	11.83034	7.0268	0.058419	7.763	7.865600000000001
0.0	0.0	0.0	1.0	0.0	1.0	0.0	0.0	0.0	0.0	0.0	11.9167	7.069800000000001	0.234237	8.11	8.37967
0.0	0.0	0.0	0.0	0.0	0.0	0.0	0.0	0.0	0.0	0.0	11.869282926829268	7.004454545454546	0.46155421875	7.883423076923076	7.741491219512195
1.0	1.0	1.0	1.0	1.0	1.0	1.0	1.0	1.0	1.0	1.0	12.001	7.030200000000001	0.5179587999999999	7.957	7.7235
0.0	0.0	0.0	0.0	0.0	0.0	0.0	0.0	0.0	0.0	0.0	11.8706	6.944	1.380758	7.715	7.671200000000001
0.0	0.0	0.0	0.0	0.0	0.0	0.0	0.0	1.0	1.0	0.0	12.0005	7.0328	0.359646	7.878400000000001	7.8375
0.0	0.0	0.0	1.0	0.0	1.0	0.0	0.0	0.0	0.0	0.0	11.961	7.069799999999999	0.319453	7.8354	7.945
0.0	0.0	0.0	1.0	0.0	1.0	0.0	0.0	0.0	0.0	0.0	11.916700000000002	6.950399999999999	0.032795	7.7976	8.0048
1.0	1.0	1.0	1.0	1.0	1.0	0.0	0.0	1.0	1.0	0.0	11.879	7.050400000000001	1.152416	7.882	7.8185
1.0	1.0	1.0	1.0	1.0	1.0	0.0	0.0	1.0	1.0	0.0	11.869282926829268	7.004454545454546	0.46155421875	7.883423076923076	7.741491219512195
1.0	1.0	1.0	1.0	1.0	1.0	0.0	0.0	1.0	1.0	0.0	11.869282926829268	7.004454545454546	0.46155421875	7.883423076923076	7.741491219512195
1.0	0.0	1.0	1.0	0.0	1.0	1.0	1.0	1.0	1.0	1.0	11.841039999999998	7.0268	0.802079	8.046	7.7223
1.0	0.0	1.0	0.0	0.0	0.0	0.0	0.0	1.0	1.0	0.0	11.869282926829268	7.004454545454546	0.46155421875	7.883423076923076	7.741491219512195
0.0	0.0	0.0	1.0	0.0	1.0	0.0	0.0	0.0	0.0	0.0	11.858	7.069800000000001	1.751466	7.99	8.17
1.0	0.0	1.0	0.0	0.0	0.0	1.0	1.0	1.0	1.0	1.0	11.611	7.001	0.364353	7.854	7.295
1.0	1.0	1.0	1.0	1.0	1.0	1.0	1.0	1.0	1.0	1.0	12.042	7.011799999999999	0.134216	7.849	8.542
1.0	1.0	0.0	1.0	1.0	1.0	1.0	1.0	0.0	0.0	1.0	11.7595	6.9396	0.724346	8.101	7.485
0.0	1.0	0.0	1.0	1.0	1.0	1.0	1.0	0.0	0.0	1.0	11.869282926829268	7.004454545454546	0.46155421875	7.883423076923076	7.741491219512195
0.0	0.0	0.0	1.0	0.0	1.0	0.0	0.0	0.0	0.0	0.0	11.531	7.014999999999999	0.016643	7.759	7.1385
0.0	1.0	1.0	1.0	1.0	1.0	1.0	1.0	0.0	0.0	1.0	11.869282926829268	7.004454545454546	0.46155421875	7.883423076923076	7.741491219512195
0.0	1.0	1.0	1.0	1.0	1.0	1.0	1.0	0.0	0.0	1.0	11.869282926829268	7.004454545454546	0.46155421875	7.883423076923076	7.741491219512195
1.0	1.0	0.0	0.0	1.0	0.0	1.0	1.0	0.0	0.0	1.0	11.869282926829268	7.004454545454546	0.46155421875	7.883423076923076	7.741491219512195
0.0	0.0	0.0	0.0	0.0	0.0	0.0	0.0	0.0	0.0	0.0	11.9215	7.030200000000001	0.725292	7.918	7.589
1.0	1.0	1.0	1.0	1.0	1.0	1.0	1.0	1.0	1.0	1.0	11.869282926829268	7.004454545454546	0.46155421875	7.883423076923076	7.741491219512195
1.0	0.0	0.0	0.0	0.0	0.0	0.0	0.0	1.0	1.0	0.0	11.869282926829268	7.004454545454546	0.46155421875	7.883423076923076	7.741491219512195
0.0	1.0	0.0	1.0	1.0	1.0	1.0	1.0	0.0	0.0	1.0	11.869282926829268	7.004454545454546	0.46155421875	7.883423076923076	7.741491219512195
1.0	0.0	0.0	0.0	0.0	0.0	0.0	0.0	1.0	1.0	0.0	12.0145	7.069800000000001	0.064247	7.76	8.39
1.0	1.0	0.0	1.0	1.0	1.0	1.0	1.0	1.0	1.0	1.0	11.8628	6.950399999999999	0.689704	7.9716	7.664700000000001
0.0	0.0	0.0	0.0	0.0	0.0	0.0	0.0	1.0	1.0	0.0	11.9505	7.0074	0.86271	7.723	7.5675
1.0	0.0	1.0	1.0	0.0	1.0	0.0	0.0	1.0	1.0	0.0	11.97	7.030200000000001	0.510297	7.996	7.737
0.0	1.0	0.0	1.0	1.0	1.0	1.0	1.0	0.0	0.0	1.0	11.918	7.030199999999999	0.426577	7.827	7.74
0.0	0.0	0.0	0.0	0.0	0.0	0.0	0.0	0.0	0.0	0.0	11.8992	7.0268	0.8162016000000001	8.003	7.8439
1.0	0.0	0.0	0.0	0.0	0.0	0.0	0.0	1.0	1.0	0.0	11.9615	7.069799999999999	0.229176	7.795	7.966
1.0	1.0	1.0	1.0	1.0	1.0	1.0	1.0	0.0	0.0	1.0	11.869282926829268	7.004454545454546	0.46155421875	7.883423076923076	7.741491219512195
1.0	1.0	1.0	1.0	1.0	1.0	1.0	1.0	1.0	1.0	1.0	12.018	7.0532	0.27407	7.842999999999999	7.9655
1.0	1.0	0.0	1.0	1.0	1.0	1.0	1.0	0.0	0.0	1.0	12.134	7.0328	0.28246	7.878400000000001	7.8405
0.0	1.0	1.0	1.0	1.0	1.0	1.0	1.0	0.0	0.0	1.0	11.869282926829268	7.004454545454546	0.46155421875	7.883423076923076	7.741491219512195
1.0	1.0	1.0	1.0	1.0	1.0	1.0	1.0	1.0	1.0	1.0	11.869282926829268	7.004454545454546	0.46155421875	7.883423076923076	7.741491219512195
0.0	0.5	0.0	1.0	0.5	1.0	1.0	1.0	0.0	0.0	1.0	11.869282926829268	7.004454545454546	0.46155421875	7.883423076923076	7.741491219512195
0.0	1.0	1.0	1.0	1.0	1.0	1.0	1.0	1.0	1.0	1.0	11.9177	7.033800000000001	0.5536778	7.883799999999999	7.83867
0.0	0.0	0.0	1.0	0.0	1.0	0.0	0.0	1.0	1.0	0.0	11.9449	7.0268	0.312063	7.817	7.7767
1.0	1.0	1.0	0.0	1.0	0.0	1.0	1.0	0.0	0.0	1.0	11.8465	7.001	0.20406	7.77	6.949
1.0	0.0	0.0	1.0	0.0	1.0	1.0	0.0	0.0	0.0	1.0	11.9545	6.915	0.50022	7.949	7.644
1.0	0.0	0.0	1.0	0.0	1.0	0.0	0.0	1.0	1.0	0.0	11.9405	7.069799999999999	0.041461	7.857	8.0535
0.0	0.0	0.0	1.0	0.0	1.0	0.0	0.0	1.0	1.0	0.0	11.95	7.069799999999999	0.2127364	7.888599999999999	8.02
0.5	0.0	0.5	0.5	0.0	0.5	0.0	0.0	0.5	0.5	0.0	11.869282926829268	7.004454545454546	0.46155421875	7.883423076923076	7.741491219512195
0.0	0.0	0.0	0.0	0.0	0.0	0.0	0.0	1.0	1.0	0.0	11.869282926829268	7.004454545454546	0.46155421875	7.883423076923076	7.741491219512195
1.0	1.0	1.0	1.0	1.0	1.0	1.0	1.0	1.0	1.0	1.0	11.869282926829268	7.004454545454546	0.46155421875	7.883423076923076	7.741491219512195
0.0	1.0	1.0	0.0	1.0	0.0	1.0	1.0	0.0	0.0	1.0	11.869282926829268	7.004454545454546	0.46155421875	7.883423076923076	7.741491219512195
1.0	1.0	1.0	1.0	1.0	1.0	1.0	1.0	1.0	1.0	1.0	11.869282926829268	7.004454545454546	0.46155421875	7.883423076923076	7.741491219512195
0.5	1.0	1.0	0.0	1.0	0.0	1.0	1.0	1.0	1.0	1.0	11.869282926829268	7.004454545454546	0.46155421875	7.883423076923076	7.741491219512195
0.0	1.0	1.0	1.0	1.0	1.0	1.0	1.0	1.0	1.0	1.0	11.869282926829268	7.004454545454546	0.46155421875	7.883423076923076	7.741491219512195
1.0	1.0	0.0	1.0	1.0	1.0	1.0	1.0	1.0	1.0	1.0	11.869282926829268	7.004454545454546	0.46155421875	7.883423076923076	7.741491219512195
0.0	0.0	0.0	1.0	0.0	1.0	0.0	0.0	1.0	1.0	0.0	11.869282926829268	7.004454545454546	0.46155421875	7.883423076923076	7.741491219512195
1.0	0.0	0.0	0.0	0.0	0.0	0.0	0.0	1.0	1.0	0.0	11.869282926829268	7.004454545454546	0.46155421875	7.883423076923076	7.741491219512195
0.0	0.0	1.0	1.0	0.0	1.0	0.0	0.0	0.0	0.0	0.0	11.869282926829268	7.004454545454546	0.46155421875	7.883423076923076	7.741491219512195
1.0	1.0	0.5	0.0	1.0	0.0	1.0	1.0	1.0	1.0	1.0	11.869282926829268	7.004454545454546	0.46155421875	7.883423076923076	7.741491219512195
0.0	1.0	1.0	1.0	1.0	1.0	1.0	1.0	1.0	1.0	1.0	11.869282926829268	7.004454545454546	0.46155421875	7.883423076923076	7.741491219512195
0.0	1.0	1.0	0.0	1.0	0.0	1.0	1.0	1.0	0.0	1.0	11.869282926829268	7.004454545454546	0.46155421875	7.883423076923076	7.741491219512195
0.5	1.0	1.0	1.0	1.0	1.0	1.0	1.0	0.5	0.5	1.0	11.869282926829268	7.004454545454546	0.46155421875	7.883423076923076	7.741491219512195
1.0	1.0	1.0	1.0	1.0	1.0	1.0	1.0	1.0	1.0	1.0	11.869282926829268	7.004454545454546	0.46155421875	7.883423076923076	7.741491219512195
0.5	1.0	1.0	1.0	1.0	1.0	1.0	1.0	1.0	1.0	1.0	11.869282926829268	7.004454545454546	0.46155421875	7.883423076923076	7.741491219512195
0.5	0.0	0.0	1.0	0.0	1.0	0.0	0.0	0.0	0.0	0.0	11.869282926829268	7.004454545454546	0.46155421875	7.883423076923076	7.741491219512195
0.0	0.0	0.0	1.0	0.0	1.0	0.0	0.0	0.0	0.0	0.0	11.869282926829268	7.004454545454546	0.46155421875	7.883423076923076	7.741491219512195
1.0	0.5	0.5	1.0	0.5	1.0	0.5	0.5	1.0	1.0	0.5	11.869282926829268	7.004454545454546	0.46155421875	7.883423076923076	7.741491219512195
1.0	1.0	1.0	1.0	1.0	1.0	1.0	0.0	1.0	1.0	1.0	11.869282926829268	7.004454545454546	0.46155421875	7.883423076923076	7.741491219512195
0.0	0.0	0.0	0.5	0.0	0.5	0.0	0.0	0.0	0.0	0.0	11.869282926829268	7.004454545454546	0.46155421875	7.883423076923076	7.741491219512195
0.0	0.0	0.0	1.0	0.0	1.0	0.0	0.0	0.0	0.0	0.0	11.869282926829268	7.004454545454546	0.46155421875	7.883423076923076	7.741491219512195
1.0	1.0	1.0	1.0	1.0	1.0	1.0	1.0	1.0	1.0	1.0	11.869282926829268	7.004454545454546	0.46155421875	7.883423076923076	7.741491219512195
1.0	1.0	1.0	1.0	1.0	1.0	1.0	1.0	1.0	1.0	1.0	11.869282926829268	7.004454545454546	0.46155421875	7.883423076923076	7.741491219512195
1.0	1.0	1.0	0.5	1.0	0.5	0.5	0.5	1.0	1.0	0.5	11.869282926829268	7.004454545454546	0.46155421875	7.883423076923076	7.741491219512195
1.0	1.0	1.0	0.0	1.0	0.0	1.0	1.0	0.0	0.0	1.0	11.869282926829268	7.004454545454546	0.46155421875	7.883423076923076	7.741491219512195
1.0	0.0	0.0	1.0	0.0	1.0	0.0	0.0	0.0	0.0	0.0	11.869282926829268	7.004454545454546	0.46155421875	7.883423076923076	7.741491219512195
1.0	1.0	1.0	1.0	1.0	1.0	1.0	1.0	1.0	1.0	1.0	11.869282926829268	7.004454545454546	0.46155421875	7.883423076923076	7.741491219512195
1.0	0.5	0.5	0.0	0.5	0.0	0.5	0.5	1.0	1.0	0.5	11.869282926829268	7.004454545454546	0.46155421875	7.883423076923076	7.741491219512195
0.5	0.5	0.5	0.5	0.5	0.5	0.5	1.0	0.5	0.5	0.5	11.869282926829268	7.004454545454546	0.46155421875	7.883423076923076	7.741491219512195
0.0	0.0	0.5	0.0	0.0	0.0	0.0	0.0	0.5	0.5	0.0	11.869282926829268	7.004454545454546	0.46155421875	7.883423076923076	7.741491219512195
0.0	0.0	0.0	0.0	0.0	0.0	0.0	0.0	0.0	0.0	0.0	11.869282926829268	7.004454545454546	0.46155421875	7.883423076923076	7.741491219512195
0.5	1.0	1.0	0.5	1.0	0.5	1.0	1.0	0.5	0.5	1.0	11.869282926829268	7.004454545454546	0.46155421875	7.883423076923076	7.741491219512195
0.0	0.0	0.0	1.0	0.0	1.0	0.0	0.0	0.0	0.0	0.0	11.869282926829268	7.004454545454546	0.46155421875	7.883423076923076	7.741491219512195
1.0	0.0	0.0	0.0	0.0	0.0	0.0	0.0	0.0	0.0	0.0	11.869282926829268	7.004454545454546	0.46155421875	7.883423076923076	7.741491219512195
1.0	1.0	1.0	1.0	1.0	1.0	1.0	1.0	1.0	1.0	1.0	11.869282926829268	7.004454545454546	0.46155421875	7.883423076923076	7.741491219512195
1.0	1.0	1.0	1.0	1.0	1.0	1.0	1.0	1.0	1.0	1.0	11.869282926829268	7.004454545454546	0.46155421875	7.883423076923076	7.741491219512195
1.0	1.0	1.0	0.0	1.0	0.0	0.5	0.5	1.0	1.0	0.5	11.869282926829268	7.004454545454546	0.46155421875	7.883423076923076	7.741491219512195
0.0	0.0	0.0	1.0	0.0	1.0	0.0	0.0	0.0	0.0	0.0	11.869282926829268	7.004454545454546	0.46155421875	7.883423076923076	7.741491219512195
0.0	0.0	0.0	0.0	0.0	0.0	0.0	0.0	0.0	0.0	0.0	11.869282926829268	7.004454545454546	0.46155421875	7.883423076923076	7.741491219512195
1.0	0.0	0.0	1.0	0.0	1.0	0.0	0.0	1.0	1.0	0.0	11.869282926829268	7.004454545454546	0.46155421875	7.883423076923076	7.741491219512195
0.0	0.0	0.0	1.0	0.0	1.0	0.0	0.0	0.0	0.0	0.0	11.869282926829268	7.004454545454546	0.46155421875	7.883423076923076	7.741491219512195
1.0	1.0	1.0	1.0	1.0	1.0	1.0	1.0	1.0	1.0	1.0	11.869282926829268	7.004454545454546	0.46155421875	7.883423076923076	7.741491219512195
0.0	1.0	1.0	0.0	1.0	0.0	1.0	1.0	0.0	0.0	1.0	11.869282926829268	7.004454545454546	0.46155421875	7.883423076923076	7.741491219512195
0.0	0.0	0.0	0.0	0.0	0.0	0.0	0.0	0.0	0.0	0.0	11.869282926829268	7.004454545454546	0.46155421875	7.883423076923076	7.741491219512195
0.0	0.0	0.0	1.0	0.0	1.0	0.0	0.0	0.0	0.0	0.0	11.869282926829268	7.004454545454546	0.46155421875	7.883423076923076	7.741491219512195
1.0	1.0	1.0	1.0	1.0	1.0	1.0	1.0	1.0	1.0	1.0	11.869282926829268	7.004454545454546	0.46155421875	7.883423076923076	7.741491219512195
0.0	0.0	0.0	0.0	0.0	0.0	0.0	0.0	0.0	0.0	0.0	11.869282926829268	7.004454545454546	0.46155421875	7.883423076923076	7.741491219512195
0.0	0.0	0.0	1.0	0.0	1.0	0.0	0.0	0.0	0.0	0.0	11.869282926829268	7.004454545454546	0.46155421875	7.883423076923076	7.741491219512195
0.0	1.0	1.0	0.0	1.0	0.0	1.0	1.0	1.0	0.0	1.0	11.869282926829268	7.004454545454546	0.46155421875	7.883423076923076	7.741491219512195
0.0	1.0	0.0	0.0	1.0	0.0	0.0	0.0	0.0	0.0	0.0	11.869282926829268	7.004454545454546	0.46155421875	7.883423076923076	7.741491219512195
0.0	0.0	0.0	0.0	0.0	0.0	0.0	0.0	0.0	0.0	0.0	11.869282926829268	7.004454545454546	0.46155421875	7.883423076923076	7.741491219512195
1.0	1.0	1.0	1.0	1.0	1.0	0.5	0.5	0.0	0.0	0.5	11.869282926829268	7.004454545454546	0.46155421875	7.883423076923076	7.741491219512195
0.0	0.0	0.0	1.0	0.0	1.0	0.0	0.0	1.0	1.0	0.0	11.869282926829268	7.004454545454546	0.46155421875	7.883423076923076	7.741491219512195
1.0	0.0	0.0	0.0	0.0	0.0	0.0	0.0	0.0	0.0	0.0	11.869282926829268	7.004454545454546	0.46155421875	7.883423076923076	7.741491219512195
1.0	0.0	0.0	0.0	0.0	0.0	0.0	0.0	0.5	0.5	0.0	11.869282926829268	7.004454545454546	0.46155421875	7.883423076923076	7.741491219512195
0.0	1.0	1.0	1.0	1.0	1.0	0.0	0.0	1.0	1.0	0.0	11.869282926829268	7.004454545454546	0.46155421875	7.883423076923076	7.741491219512195
1.0	1.0	1.0	1.0	1.0	1.0	1.0	1.0	0.0	0.0	1.0	11.869282926829268	7.004454545454546	0.46155421875	7.883423076923076	7.741491219512195
1.0	0.0	0.0	1.0	0.0	1.0	0.0	0.0	0.0	0.0	0.0	11.869282926829268	7.004454545454546	0.46155421875	7.883423076923076	7.741491219512195
1.0	1.0	1.0	1.0	1.0	1.0	0.0	0.0	1.0	1.0	0.0	11.869282926829268	7.004454545454546	0.46155421875	7.883423076923076	7.741491219512195
1.0	1.0	0.0	0.0	1.0	0.0	0.0	0.0	1.0	1.0	0.0	11.869282926829268	7.004454545454546	0.46155421875	7.883423076923076	7.741491219512195
0.0	1.0	1.0	1.0	1.0	1.0	1.0	1.0	1.0	1.0	1.0	11.869282926829268	7.004454545454546	0.46155421875	7.883423076923076	7.741491219512195
1.0	0.0	0.0	1.0	0.0	1.0	0.0	0.0	1.0	1.0	0.0	11.869282926829268	7.004454545454546	0.46155421875	7.883423076923076	7.741491219512195
0.0	0.0	0.0	1.0	0.0	1.0	0.0	0.0	1.0	1.0	0.0	11.869282926829268	7.004454545454546	0.46155421875	7.883423076923076	7.741491219512195
1.0	1.0	1.0	0.0	1.0	0.0	1.0	1.0	0.0	0.0	1.0	11.869282926829268	7.004454545454546	0.46155421875	7.883423076923076	7.741491219512195
0.0	0.0	0.0	1.0	0.0	1.0	0.0	0.0	0.0	0.0	0.0	11.869282926829268	7.004454545454546	0.46155421875	7.883423076923076	7.741491219512195
0.0	0.0	0.0	1.0	0.0	1.0	0.0	0.0	0.0	0.0	0.0	11.869282926829268	7.004454545454546	0.46155421875	7.883423076923076	7.741491219512195
0.0	0.0	0.0	1.0	0.0	1.0	1.0	1.0	0.0	0.0	1.0	11.869282926829268	7.004454545454546	0.46155421875	7.883423076923076	7.741491219512195
0.0	1.0	1.0	1.0	1.0	1.0	0.0	0.0	0.0	0.0	0.0	11.869282926829268	7.004454545454546	0.46155421875	7.883423076923076	7.741491219512195
1.0	0.0	0.0	1.0	0.0	1.0	0.0	0.0	0.0	0.0	0.0	11.869282926829268	7.004454545454546	0.46155421875	7.883423076923076	7.741491219512195
1.0	1.0	1.0	0.0	1.0	0.0	1.0	1.0	1.0	1.0	1.0	11.869282926829268	7.004454545454546	0.46155421875	7.883423076923076	7.741491219512195
0.0	0.0	0.0	0.0	0.0	0.0	0.0	0.0	0.0	0.0	0.0	11.869282926829268	7.004454545454546	0.46155421875	7.883423076923076	7.741491219512195
0.0	0.5	1.0	1.0	0.5	1.0	0.5	0.5	0.0	0.0	0.5	11.869282926829268	7.004454545454546	0.46155421875	7.883423076923076	7.741491219512195
1.0	1.0	1.0	1.0	1.0	1.0	1.0	1.0	0.0	0.0	1.0	11.869282926829268	7.004454545454546	0.46155421875	7.883423076923076	7.741491219512195
1.0	1.0	1.0	1.0	1.0	1.0	0.0	0.0	1.0	1.0	0.0	11.869282926829268	7.004454545454546	0.46155421875	7.883423076923076	7.741491219512195
0.5	1.0	1.0	1.0	1.0	1.0	1.0	1.0	0.5	0.5	1.0	11.869282926829268	7.004454545454546	0.46155421875	7.883423076923076	7.741491219512195
1.0	0.5	0.5	0.5	0.5	0.5	0.5	0.5	1.0	1.0	0.5	11.869282926829268	7.004454545454546	0.46155421875	7.883423076923076	7.741491219512195
1.0	0.0	0.0	0.0	0.0	0.0	0.0	0.0	1.0	1.0	0.0	11.869282926829268	7.004454545454546	0.46155421875	7.883423076923076	7.741491219512195
1.0	0.0	0.0	0.0	0.0	0.0	0.0	0.0	0.0	0.0	0.0	11.869282926829268	7.004454545454546	0.46155421875	7.883423076923076	7.741491219512195
0.0	1.0	1.0	0.0	1.0	0.0	1.0	1.0	0.0	0.0	1.0	11.869282926829268	7.004454545454546	0.46155421875	7.883423076923076	7.741491219512195
0.0	0.0	0.5	0.0	0.0	0.0	0.0	0.0	0.0	0.0	0.0	11.869282926829268	7.004454545454546	0.46155421875	7.883423076923076	7.741491219512195
1.0	0.0	0.0	0.0	0.0	0.0	0.0	0.0	1.0	1.0	0.0	11.869282926829268	7.004454545454546	0.46155421875	7.883423076923076	7.741491219512195
1.0	1.0	1.0	1.0	1.0	1.0	1.0	1.0	1.0	1.0	1.0	11.869282926829268	7.004454545454546	0.46155421875	7.883423076923076	7.741491219512195
1.0	0.0	0.0	1.0	0.0	1.0	0.0	0.0	1.0	1.0	0.0	11.869282926829268	7.004454545454546	0.46155421875	7.883423076923076	7.741491219512195
1.0	1.0	1.0	0.0	1.0	0.0	1.0	1.0	1.0	1.0	1.0	11.869282926829268	7.004454545454546	0.46155421875	7.883423076923076	7.741491219512195
0.0	1.0	1.0	0.5	1.0	0.5	1.0	1.0	0.0	0.0	1.0	11.869282926829268	7.004454545454546	0.46155421875	7.883423076923076	7.741491219512195
0.0	1.0	1.0	0.0	1.0	0.0	1.0	1.0	1.0	1.0	1.0	11.869282926829268	7.004454545454546	0.46155421875	7.883423076923076	7.741491219512195
0.0	0.0	0.0	0.0	0.0	0.0	0.0	0.0	0.0	0.0	0.0	11.869282926829268	7.004454545454546	0.46155421875	7.883423076923076	7.741491219512195
0.0	1.0	0.5	0.0	1.0	0.0	1.0	1.0	0.0	0.0	1.0	11.869282926829268	7.004454545454546	0.46155421875	7.883423076923076	7.741491219512195
0.0	0.0	0.0	1.0	0.0	1.0	0.0	0.0	0.0	0.0	0.0	11.869282926829268	7.004454545454546	0.46155421875	7.883423076923076	7.741491219512195
0.0	0.0	0.0	0.5	0.0	0.5	0.0	0.0	0.0	0.0	0.0	11.869282926829268	7.004454545454546	0.46155421875	7.883423076923076	7.741491219512195
1.0	1.0	1.0	1.0	1.0	1.0	1.0	1.0	1.0	1.0	1.0	11.869282926829268	7.004454545454546	0.46155421875	7.883423076923076	7.741491219512195
0.0	0.0	0.0	1.0	0.0	1.0	0.0	0.0	0.0	0.0	0.0	11.869282926829268	7.004454545454546	0.46155421875	7.883423076923076	7.741491219512195
1.0	0.0	1.0	1.0	0.0	1.0	0.0	0.0	1.0	1.0	0.0	11.869282926829268	7.004454545454546	0.46155421875	7.883423076923076	7.741491219512195
0.0	0.0	0.0	0.0	0.0	0.0	0.0	0.0	0.0	0.0	0.0	11.869282926829268	7.004454545454546	0.46155421875	7.883423076923076	7.741491219512195
1.0	1.0	1.0	0.5	1.0	0.5	1.0	1.0	1.0	1.0	1.0	11.869282926829268	7.004454545454546	0.46155421875	7.883423076923076	7.741491219512195
0.0	0.0	0.0	1.0	0.0	1.0	0.0	0.0	0.0	0.0	0.0	11.869282926829268	7.004454545454546	0.46155421875	7.883423076923076	7.741491219512195
0.0	1.0	1.0	0.0	1.0	0.0	1.0	1.0	1.0	1.0	1.0	11.869282926829268	7.004454545454546	0.46155421875	7.883423076923076	7.741491219512195
1.0	1.0	1.0	1.0	1.0	1.0	1.0	1.0	1.0	1.0	1.0	11.869282926829268	7.004454545454546	0.46155421875	7.883423076923076	7.741491219512195
1.0	1.0	1.0	0.0	1.0	0.0	1.0	1.0	1.0	1.0	1.0	11.869282926829268	7.004454545454546	0.46155421875	7.883423076923076	7.741491219512195
0.0	1.0	1.0	1.0	1.0	1.0	1.0	1.0	0.0	0.0	1.0	11.869282926829268	7.004454545454546	0.46155421875	7.883423076923076	7.741491219512195
1.0	1.0	1.0	1.0	1.0	1.0	1.0	1.0	1.0	1.0	1.0	11.869282926829268	7.004454545454546	0.46155421875	7.883423076923076	7.741491219512195
0.5	0.0	0.0	1.0	0.0	1.0	0.0	0.0	0.5	0.5	0.0	11.869282926829268	7.004454545454546	0.46155421875	7.883423076923076	7.741491219512195
0.0	1.0	1.0	0.5	1.0	0.5	1.0	1.0	0.5	0.5	1.0	11.869282926829268	7.004454545454546	0.46155421875	7.883423076923076	7.741491219512195
1.0	0.5	0.5	0.5	0.5	0.5	0.5	0.5	1.0	1.0	0.5	11.869282926829268	7.004454545454546	0.46155421875	7.883423076923076	7.741491219512195
1.0	0.5	1.0	1.0	0.5	1.0	0.0	0.0	0.5	0.5	0.0	11.869282926829268	7.004454545454546	0.46155421875	7.883423076923076	7.741491219512195
0.5	1.0	1.0	0.5	1.0	0.5	0.5	0.5	1.0	1.0	0.5	11.869282926829268	7.004454545454546	0.46155421875	7.883423076923076	7.741491219512195
1.0	0.5	0.5	0.5	0.5	0.5	0.5	0.5	0.5	0.5	0.5	11.869282926829268	7.004454545454546	0.46155421875	7.883423076923076	7.741491219512195
0.5	1.0	1.0	1.0	1.0	1.0	1.0	1.0	0.5	0.5	1.0	11.869282926829268	7.004454545454546	0.46155421875	7.883423076923076	7.741491219512195
0.0	1.0	0.5	0.5	1.0	0.5	1.0	1.0	0.0	0.0	1.0	11.869282926829268	7.004454545454546	0.46155421875	7.883423076923076	7.741491219512195
0.0	1.0	0.5	1.0	1.0	1.0	1.0	1.0	0.0	0.0	1.0	11.869282926829268	7.004454545454546	0.46155421875	7.883423076923076	7.741491219512195
0.5	1.0	0.5	0.5	1.0	0.5	1.0	1.0	0.5	0.5	1.0	11.869282926829268	7.004454545454546	0.46155421875	7.883423076923076	7.741491219512195
1.0	0.5	1.0	0.5	0.5	0.5	0.5	0.5	1.0	1.0	0.5	11.869282926829268	7.004454545454546	0.46155421875	7.883423076923076	7.741491219512195
0.5	0.5	0.5	0.0	0.5	0.0	0.5	0.5	1.0	1.0	0.5	11.869282926829268	7.004454545454546	0.46155421875	7.883423076923076	7.741491219512195
0.5	0.0	0.0	0.5	0.0	0.5	0.0	0.0	1.0	1.0	0.0	11.869282926829268	7.004454545454546	0.46155421875	7.883423076923076	7.741491219512195
1.0	0.5	0.5	0.5	0.5	0.5	0.0	0.0	1.0	1.0	0.0	11.869282926829268	7.004454545454546	0.46155421875	7.883423076923076	7.741491219512195
1.0	0.5	1.0	0.5	0.5	0.5	0.5	0.5	1.0	1.0	0.5	11.869282926829268	7.004454545454546	0.46155421875	7.883423076923076	7.741491219512195
0.5	0.0	0.5	1.0	0.0	1.0	0.0	0.0	0.5	0.5	0.0	11.869282926829268	7.004454545454546	0.46155421875	7.883423076923076	7.741491219512195
0.5	1.0	0.5	0.5	1.0	0.5	1.0	1.0	0.0	0.0	1.0	11.869282926829268	7.004454545454546	0.46155421875	7.883423076923076	7.741491219512195
0.5	1.0	1.0	1.0	1.0	1.0	0.5	0.5	0.5	0.5	0.5	11.869282926829268	7.004454545454546	0.46155421875	7.883423076923076	7.741491219512195
0.5	0.5	0.0	0.5	0.5	0.5	0.5	0.5	0.0	0.0	0.5	11.869282926829268	7.004454545454546	0.46155421875	7.883423076923076	7.741491219512195
0.5	0.0	0.0	0.0	0.0	0.0	0.0	0.0	1.0	1.0	0.0	11.869282926829268	7.004454545454546	0.46155421875	7.883423076923076	7.741491219512195
1.0	0.5	0.5	0.5	0.5	0.5	0.0	0.0	1.0	1.0	0.0	11.869282926829268	7.004454545454546	0.46155421875	7.883423076923076	7.741491219512195
1.0	0.5	0.5	0.5	0.5	0.5	0.0	0.0	1.0	1.0	0.0	11.869282926829268	7.004454545454546	0.46155421875	7.883423076923076	7.741491219512195
0.5	0.5	0.5	1.0	0.5	1.0	0.0	0.0	1.0	1.0	0.0	11.869282926829268	7.004454545454546	0.46155421875	7.883423076923076	7.741491219512195
1.0	0.5	0.5	0.5	0.5	0.5	1.0	1.0	0.5	0.5	1.0	11.869282926829268	7.004454545454546	0.46155421875	7.883423076923076	7.741491219512195
0.5	0.5	0.0	0.5	0.5	0.5	0.5	0.5	0.0	0.0	0.5	11.869282926829268	7.004454545454546	0.46155421875	7.883423076923076	7.741491219512195
0.5	1.0	1.0	1.0	1.0	1.0	0.5	0.5	0.5	0.5	0.5	11.869282926829268	7.004454545454546	0.46155421875	7.883423076923076	7.741491219512195
0.5	0.5	0.5	0.5	0.5	0.5	0.5	0.5	0.5	0.5	0.5	11.869282926829268	7.004454545454546	0.46155421875	7.883423076923076	7.741491219512195
0.5	0.0	0.5	1.0	0.0	1.0	0.0	0.0	0.5	0.5	0.0	11.869282926829268	7.004454545454546	0.46155421875	7.883423076923076	7.741491219512195
0.5	0.5	0.5	1.0	0.5	1.0	0.0	0.0	0.5	0.5	0.0	11.869282926829268	7.004454545454546	0.46155421875	7.883423076923076	7.741491219512195
0.5	0.0	0.0	0.5	0.0	0.5	0.0	0.0	0.5	0.5	0.0	11.869282926829268	7.004454545454546	0.46155421875	7.883423076923076	7.741491219512195
0.5	1.0	0.5	0.5	1.0	0.5	1.0	1.0	0.0	0.0	1.0	11.869282926829268	7.004454545454546	0.46155421875	7.883423076923076	7.741491219512195
0.5	0.0	0.0	0.0	0.0	0.0	0.0	0.0	1.0	1.0	0.0	11.869282926829268	7.004454545454546	0.46155421875	7.883423076923076	7.741491219512195
0.5	0.5	0.0	0.5	0.5	0.5	0.5	0.5	0.5	0.5	0.5	11.869282926829268	7.004454545454546	0.46155421875	7.883423076923076	7.741491219512195
1.0	0.0	0.0	0.5	0.0	0.5	0.5	0.0	0.5	0.5	0.5	11.869282926829268	7.004454545454546	0.46155421875	7.883423076923076	7.741491219512195
0.5	1.0	1.0	1.0	1.0	1.0	0.5	0.5	0.5	0.5	0.5	11.869282926829268	7.004454545454546	0.46155421875	7.883423076923076	7.741491219512195
0.5	0.0	0.0	0.5	0.0	0.5	0.0	0.0	1.0	1.0	0.0	11.869282926829268	7.004454545454546	0.46155421875	7.883423076923076	7.741491219512195
0.0	0.5	0.5	1.0	0.5	1.0	0.5	0.5	0.5	0.5	0.5	11.869282926829268	7.004454545454546	0.46155421875	7.883423076923076	7.741491219512195
0.5	0.5	0.5	1.0	0.5	1.0	0.0	0.0	0.5	0.5	0.0	11.869282926829268	7.004454545454546	0.46155421875	7.883423076923076	7.741491219512195
0.5	0.0	0.5	0.5	0.0	0.5	0.0	0.0	0.0	0.0	0.0	11.869282926829268	7.004454545454546	0.46155421875	7.883423076923076	7.741491219512195
0.5	0.5	0.5	0.0	0.5	0.0	0.5	0.5	0.5	0.5	0.5	11.869282926829268	7.004454545454546	0.46155421875	7.883423076923076	7.741491219512195
