rs32105394, Trpa1
rs3678179, Kcnb2
rs32109300, Terf1
rs47275793, Rdh10
rs31772262, Pkhd1
rs52628759, Nck2 
rs32044299, Nck2
rs47782085, Ecrg4
rs258367496, Xkr4
rs36742481, Mrpl15 
rs6376963, Rgs20
rs30847416, Rgs20 
rs31625087, Atp6v1h
rs31716357, Atp6v1h 
rs47493511, Alkal1
rs31190522, St18 
rs6298633, St18
rs31362910, Sgk3  
rs31878990, Cspp1
rs32186775, Arfgef1
rs6360236, Prex2
rs32740138, A830018L16Rik
rs30991578, A830018L16Rik
rs32347261, Sulf1
rs36585555, Slco5a1
rs30477285, Slco5a1
rs36660068, Il17f
rs6404446, Il17f
rs32101154, Kcnq5
rs6253968, Kcnq5
rs32315565, Kcnq5
rs30499557, Rims1
rs32597415, Ogfrl1
rs13475765, B3gat2
rs4222215, Sdhaf4
rs31567874, Adgrb3
rs32487442, Adgrb3
rs13475771, Adgrb3 
rs13475772, Adgrb3
rs32249228, Adgrb3
rs32331653, Adgrb3 
rs32372810, Phf3 
rs32684509, Phf3 
rs230225148, 4931428L18Rik 
rs30598074, Khdrbs2
rs13475795, Khdrbs2
rs46323879, Rab23
rs31518908, Dst
rs31710287, Cfc1 
rs16808053, Prss40 
rs31935537, 2010300C02Rik 
rs32551229, 2010300C02Rik
rs32942136, 2010300C02Rik 
rs32635513, 2010300C02Rik 
rs32988364, Aff3    
rs31528685, Aff3
rs30611861, Aff3
rs31449667, Npas2 
rs33132305, Npas2
rs30551147, Npas2
rs31555041, Ercc5
rs33586566, Slc40a1
rs6321959, Slc39a10  
rs6322563, Slc39a10
rs13475872, 1700019D03Rik 
rs32434080, Hecw2
rs33840699, Hecw2
rs51350456, Hecw2
rs47870456, Ccdc150
rs29596070, Pgap1
rs13475879, Spats2l
rs29655680, Aox3    
rs29659120, Aox3
rs31726356, Aox2
rs31876473, Bzw1
rs6325108, Ndufb3
rs31498570, C2cd6 
rs13475887, 9530026F06Rik 
rs49196471, Pard3b
rs29963534, Nrp2
rs32161565, Nrp2
rs32416624, Ndufs1, Ino80dos
rs3703813, Adam23
rs30465484, Idh1
rs45845149, Idh1
rs31727300, Pikfyve
rs32347478, Map2
rs30993227, Map2
rs30297732, Unc80
rs30284166, Unc80
rs13475907, Erbb4
rs32080982, Erbb4
rs31292260, Erbb4
rs48130521, Erbb4
rs13475913, Spag16 
rs30948259, Vwc2l
rs37034472, March4
rs31200269, Smarcal1
rs3687595, Ankar
rs13475921, D530049I02Rik
rs13475923, Tns1
rs31890646, Cfap65 
rs32117726, Slc4a3
rs30156746, Ap1s3
rs232937166, Serpine2
rs31612855, Cul3
rs13475954, Agfg1, A030005L19Rik
rs32668634, Sphkap
rs32358097, Trip12
rs30804641, Gpr55
rs31929413, Armc9
rs219816352, Efhd1
rs50310397, Efhd1
rs32104666, Gigyf2
rs13475967, Ngef
rs6234856, Dgkd
rs13475970, 4930453O03Rik, Trpm8
rs30341693, Iqca
rs50175543, Lrrfip1
rs52508722, Lrrfip1
rs13475979, Espnl
rs30390109, Agxt, Mab21l4
rs3692309, Sned1
rs32234269, Neu4
rs13476003, Gin1
rs13476004, Pam
rs37486156, Cntnap5b
rs36618375, Cntnap5b
rs13476012, Cntnap5b
rs13476030, Cdh20
rs32697536, Pign
rs30506144, Tnfrsf11a
rs30488981, Phlpp1
rs30487561, Phlpp1
rs47647099, Bcl2
rs49762567, Bcl2
rs3710646, Cdh19 
rs31471077, Cntnap5a 
rs30675648, Cntnap5a
rs32180662, Cntnap5a
rs30680977, Cntnap5a
rs32807094, Cntnap5a
rs30725178, Gli2
rs30724278, Gli2
rs30698282, Gli2
rs3723088, Sctr
rs3663708, Dbi, 3110009E18Rik
rs31007558, 3110009E18Rik
rs48015801, Celrr
rs213804272, Dpp10
rs47085630, Dpp10
rs49565748, Gpr39
rs30561273, Nckap5
rs30785490, Nckap5
rs32612920, Nckap5
rs31573665, Nckap5
rs8256197, Cxcr4
rs13459051, Pigr
rs32335588, Fcmr
rs32112067, Fcmr
rs108035116, Avpr1b
rs6250833, Ctse 
rs37505705, Mfsd4a
rs31762723 Rbbp5 
rs30763126, Nfasc
rs33494411, Plekha6 
rs30766381, Plekha6
rs13476119, Adora1
rs49289788, Gpr37l1
rs36548506, Nav1
rs37895110, Nav1
rs3691222, Camsap2
rs31534627, Nek7
rs215571652, Nek7
rs13476137, Crb1
rs13476138, F13b
rs107630249, Cfhr2
rs32586240, Brinp3
rs31006935, Brinp3
rs13476163, Brinp3
rs31230953, 1700025G04Rik 
rs31226073, 1700025G04Rik
rs31206241, Colgalt2
rs31201062, Colgalt2
rs31180473, Rgl1, Apobec4
rs31173184, Nmnat2
rs13476184, Lamc2
rs47680477, E330020D12Rik, Shcbp1l
rs13476187, Zfp648 
rs32380880, Cacna1e
rs220024233, Cacna1e
rs32238353, Cacna1e
rs30592448, Cacna1e 
rs6181202, Cacna1e
rs235136764, Cacna1e
rs31598960, Ier5
rs33692139, Ier5 
rs31404871, Lhx4 
rs32737955, Qsox1
rs48733621, Axdnd1
rs31266917, Ralgps2, Angptl1 
rs6209248, Astn1
rs33742737, Astn1 
rs33740307, Astn1 
rs33739489, Astn1
rs47852191, Rabgap1l
rs31200652, Dnm3
rs3685643, Dnm3
rs4222751, Vamp4 
rs46133782, Fmo3
rs49476641, Mroh9
rs32045036, Prrx1
rs32756586, Sell
rs45839990, F5
rs252083450, Nme7
rs32249444, Atp1b1 
rs30710796, Ildr2
rs31428291, Pogk, Tada1
rs50916411, Pogk
rs4222799, Uck2
rs30563210, Tmco1
rs32238450, Lmx1a
rs48267649, Lmx1a
rs50209411, Pbx1
rs48742671, Nos1ap
rs8242766, Fcgr3
rs31555580, Pcp4l1
rs31557390, Pcp4l1
rs3705274, Dcaf8
rs31218323, Dcaf8
rs47959443, Casq1
rs31572828, Atp1a4
rs31559428, Slamf8
rs49959361, Crp 
rs51348059, Crp
rs31612847, Cadm3
rs31608155, Aim2 
rs31405208, Aim2
rs46128598, Ifi209
rs31587587, Ifi209
rs31584856, Ifi208
rs3669108, Fmn2
rs6375522, Fmn2
rs4136041, Rgs7
rs31329176, Fh1
rs31420065, Wdr64
rs32559774, Pld5
rs30991108, Cdc42bpa
rs32374329, Coq8a
rs51978750, Psen2
rs49397948, Psen2
rs33816636, Enah
rs8280550, Capn2
rs32337187, Ccdc185
rs49919565, Tlr5
rs3681873, 2900092O11Rik
rs48322183, 1700112H15Rik
rs31785670, C130074G19Rik
rs33828269, Mark1
rs13476289, Tgfb2
rs31639995, Spata17
rs31963150, Spata17
rs13476290, Spata17
rs48848476, Esrrg
rs32769253, Esrrg
rs52611989, Esrrg
rs32676547, Esrrg
rs3666905, Esrrg
rs13476293, Ush2a
rs31396325, Ush2a
rs3655423, Ush2a
rs32528185, Ush2a 
rs36403320, Ush2a
rs32404005, Kcnk2
rs30604277, Kcnk2
rs3675669, Ptpn14
rs30553311, Smyd2
rs31378221, Prox1
rs6210519, Pacc1
rs31002906, Ints7
rs30600086, 1700034H15Rik
rs8253327, Slc30a1
rs31784615, Rd3
rs48016635, Rd3 
rs30997318, Kcnh1
rs33068074, Kcnh1
rs32793860, Hhat
rs13500420, Syt14
rs30897483, Syt14
rs32662997, Plxna2
